TARGET_CLASS,criterion,Coverage,Total_Goals,Covered_Goals
org.jsoup.nodes.Document,BRANCH,1.0,26,26
org.jsoup.parser.Parser,BRANCH,0.717391304347826,92,66
org.jsoup.nodes.Entities,BRANCH,0.8214285714285714,28,23
org.jsoup.parser.Parser,BRANCH,0.64,100,64
org.apache.commons.cli.Util,BRANCH,1.0,15,15
org.jsoup.nodes.Entities,BRANCH,0.8214285714285714,28,23
org.jsoup.nodes.Document,BRANCH,0.9636363636363636,55,53
com.google.javascript.jscomp.TypeCheck,BRANCH,0.0028517110266159697,1052,3
com.google.javascript.jscomp.FlowSensitiveInlineVariables,BRANCH,0.030120481927710843,166,5
com.google.javascript.jscomp.RemoveUnusedVars,BRANCH,0.003215434083601286,311,1
org.jsoup.nodes.Node,BRANCH,0.9545454545454546,66,63
org.jsoup.nodes.Entities,BRANCH,0.8148148148148148,27,22
org.jsoup.nodes.Node,BRANCH,0.96,75,72
org.jsoup.select.Selector,BRANCH,0.6776315789473685,152,103
org.jsoup.nodes.Node,BRANCH,0.8367346938775511,98,82
org.jsoup.parser.CharacterReader,BRANCH,1.0,93,93
org.jsoup.safety.Whitelist,BRANCH,0.8131868131868132,91,74
org.jsoup.helper.DataUtil,BRANCH,0.39285714285714285,28,11
org.jsoup.select.CombiningEvaluator,BRANCH,1.0,18,18
org.jsoup.select.QueryParser,BRANCH,0.8958333333333334,96,86
org.jsoup.parser.CharacterReader,BRANCH,1.0,109,109
org.jsoup.parser.Tokeniser,BRANCH,0.7558139534883721,86,65
org.jsoup.parser.Tag,BRANCH,0.9322033898305084,59,55
org.jsoup.safety.Cleaner,BRANCH,0.4444444444444444,18,8
org.jsoup.helper.DataUtil,BRANCH,0.4375,32,14
org.jsoup.parser.CharacterReader,BRANCH,1.0,141,141
org.jsoup.nodes.Element,BRANCH,0.8108108108108109,222,180
org.jsoup.parser.HtmlTreeBuilderState,BRANCH,0.0,818,0
com.google.javascript.jscomp.type.ChainableReverseAbstractInterpreter,BRANCH,0.6358024691358025,162,103
com.google.javascript.jscomp.type.ChainableReverseAbstractInterpreter,BRANCH,0.5740740740740741,162,95
com.google.javascript.jscomp.MaybeReachingVariableUse,BRANCH,0.08641975308641975,81,7
org.apache.commons.math3.ode.AbstractIntegrator,BRANCH,0.6538461538461539,78,50
org.apache.commons.math3.geometry.euclidean.threed.Line,BRANCH,1.0,27,27
org.jfree.chart.util.ShapeList,BRANCH,0.6190476190476191,21,13
org.jfree.data.time.TimeSeries,BRANCH,0.8012422360248447,161,129
org.jfree.data.DefaultKeyedValues,BRANCH,0.967741935483871,62,60
org.jfree.data.DefaultKeyedValues2D,BRANCH,0.9157894736842105,95,87
org.jfree.data.statistics.DefaultBoxAndWhiskerCategoryDataset,BRANCH,0.6565656565656566,99,65
org.jfree.chart.renderer.category.MinMaxCategoryRenderer,BRANCH,0.4383561643835616,73,32
org.apache.commons.cli.TypeHandler,BRANCH,0.967741935483871,31,27
org.apache.commons.cli.Parser,BRANCH,0.5675675675675675,74,42
org.apache.commons.cli.GnuParser,BRANCH,0.9047619047619048,21,19
com.google.javascript.jscomp.InlineObjectLiterals,BRANCH,0.016129032258064516,124,2
org.apache.commons.codec.net.QuotedPrintableCodec,BRANCH,0.9605263157894737,76,73
org.apache.commons.codec.binary.BaseNCodecInputStream,BRANCH,0.8157894736842105,38,31
org.apache.commons.csv.CSVRecord,BRANCH,1.0,25,25
org.apache.commons.csv.CSVFormat,BRANCH,0.9512195121951219,164,156
com.google.gson.internal.bind.TypeAdapters,BRANCH,0.34701492537313433,268,93
com.google.gson.stream.JsonReader,BRANCH,0.6171171171171171,666,406
com.google.gson.internal.$Gson$Types,BRANCH,0.6553398058252428,206,135
com.google.gson.DefaultDateTypeAdapter,BRANCH,0.782608695652174,23,18
com.fasterxml.jackson.core.JsonPointer,BRANCH,0.9358974358974359,78,73
com.fasterxml.jackson.core.json.JsonWriteContext,BRANCH,1.0,44,44
org.jfree.data.general.DatasetUtilities,BRANCH,0.6914893617021277,564,395
com.fasterxml.jackson.core.util.TextBuffer,BRANCH,0.9863945578231292,147,145
org.jfree.chart.renderer.category.AbstractCategoryItemRenderer,BRANCH,0.3467153284671533,274,95
org.jfree.data.time.TimeSeries,BRANCH,0.9074889867841409,227,206
org.jfree.chart.plot.XYPlot,BRANCH,0.33271547729379053,1079,360
org.apache.commons.lang3.math.NumberUtils,BRANCH,0.8523676880222841,359,306
org.apache.commons.lang3.text.translate.LookupTranslator,BRANCH,1.0,14,14
org.apache.commons.math3.geometry.euclidean.threed.Line,BRANCH,1.0,27,27
org.apache.commons.math3.distribution.HypergeometricDistribution,BRANCH,1.0,38,38
org.apache.commons.math3.distribution.HypergeometricDistribution,BRANCH,1.0,38,38
org.apache.commons.math3.complex.Complex,BRANCH,0.994535519125683,183,178
org.apache.commons.math3.fraction.BigFraction,BRANCH,0.9854014598540146,137,135
org.jfree.chart.renderer.category.AbstractCategoryItemRenderer,BRANCH,0.718978102189781,274,197
org.jfree.data.general.DatasetUtilities,BRANCH,0.9326241134751773,564,526
org.jfree.data.time.TimeSeries,BRANCH,0.9955947136563876,227,226
org.jfree.chart.plot.XYPlot,BRANCH,0.6691380908248378,1079,720
org.jfree.data.xy.XYSeries,BRANCH,1.0,103,103
org.jfree.chart.util.ShapeList,BRANCH,0.6190476190476191,21,13
org.jfree.data.time.TimePeriodValues,BRANCH,1.0,74,74
org.jfree.data.time.Week,BRANCH,0.8795180722891566,83,73
org.jfree.data.time.TimeSeries,BRANCH,0.9877300613496932,163,161
org.jfree.chart.imagemap.StandardToolTipTagFragmentGenerator,BRANCH,1.0,2,2
org.jfree.chart.util.ShapeUtilities,BRANCH,1.0,123,123
org.jfree.chart.plot.MultiplePiePlot,BRANCH,0.9583333333333334,96,92
org.jfree.chart.block.BorderArrangement,BRANCH,0.9508196721311475,122,116
org.jfree.chart.plot.CategoryPlot,BRANCH,0.7656903765690377,717,549
org.jfree.chart.plot.XYPlot,BRANCH,0.6820175438596491,912,618
org.jfree.chart.plot.PiePlot,BRANCH,0.7729591836734694,392,303
org.jfree.data.category.DefaultIntervalCategoryDataset,BRANCH,0.8978102189781022,137,123
org.jfree.data.time.TimeSeries,BRANCH,0.9875776397515528,161,159
org.jfree.data.DefaultKeyedValues,BRANCH,0.9838709677419355,62,61
org.jfree.data.DefaultKeyedValues2D,BRANCH,0.9578947368421052,95,91
org.jfree.chart.plot.CategoryPlot,BRANCH,0.7695716395864106,677,521
org.jfree.chart.plot.ValueMarker,BRANCH,0.9230769230769231,13,12
org.jfree.data.statistics.DefaultBoxAndWhiskerCategoryDataset,BRANCH,0.9797979797979798,99,97
org.jfree.data.KeyedObjects2D,BRANCH,0.9540229885057471,87,83
org.jfree.chart.renderer.category.MinMaxCategoryRenderer,BRANCH,0.4794520547945205,73,35
org.jfree.chart.renderer.GrayPaintScale,BRANCH,1.0,15,15
org.jfree.chart.renderer.category.StatisticalBarRenderer,BRANCH,0.1958762886597938,97,19
org.jfree.chart.axis.Axis,BRANCH,0.872093023255814,172,148
org.apache.commons.cli.CommandLine,BRANCH,1.0,32,32
org.apache.commons.cli.PosixParser,BRANCH,0.9333333333333333,45,42
org.apache.commons.cli.TypeHandler,BRANCH,0.967741935483871,31,30
org.apache.commons.cli.Parser,BRANCH,0.8243243243243243,74,61
org.apache.commons.cli.Util,BRANCH,1.0,11,11
org.apache.commons.cli2.builder.PatternBuilder,BRANCH,0.8503401360544217,147,125
org.jfree.chart.renderer.category.AbstractCategoryItemRenderer,BRANCH,0.6788321167883211,274,186
org.jfree.data.general.DatasetUtilities,BRANCH,0.925531914893617,564,521
org.jfree.data.time.TimeSeries,BRANCH,0.9911894273127754,227,225
org.jfree.chart.plot.XYPlot,BRANCH,0.6941612604263206,1079,749
org.jfree.data.xy.XYSeries,BRANCH,1.0,103,103
org.jfree.chart.util.ShapeList,BRANCH,0.6190476190476191,21,13
org.jfree.data.time.TimePeriodValues,BRANCH,1.0,74,74
org.jfree.data.time.Week,BRANCH,0.8795180722891566,83,73
org.jfree.data.time.TimeSeries,BRANCH,0.9877300613496932,163,161
org.jfree.chart.imagemap.StandardToolTipTagFragmentGenerator,BRANCH,1.0,2,2
org.jfree.chart.util.ShapeUtilities,BRANCH,1.0,123,123
org.jfree.chart.plot.MultiplePiePlot,BRANCH,0.9479166666666666,96,91
org.jfree.chart.block.BorderArrangement,BRANCH,0.9508196721311475,122,116
org.jfree.chart.plot.CategoryPlot,BRANCH,0.7810320781032078,717,560
org.jfree.chart.plot.XYPlot,BRANCH,0.694078947368421,912,631
org.jfree.chart.plot.PiePlot,BRANCH,0.8086734693877551,392,316
org.jfree.data.category.DefaultIntervalCategoryDataset,BRANCH,0.948905109489051,137,130
org.jfree.data.time.TimeSeries,BRANCH,0.9875776397515528,161,159
org.jfree.data.DefaultKeyedValues,BRANCH,0.9838709677419355,62,61
org.jfree.data.DefaultKeyedValues2D,BRANCH,0.9578947368421052,95,91
org.jfree.chart.plot.CategoryPlot,BRANCH,0.7769571639586411,677,527
org.jfree.chart.plot.ValueMarker,BRANCH,0.9230769230769231,13,12
org.jfree.data.statistics.DefaultBoxAndWhiskerCategoryDataset,BRANCH,0.9393939393939394,99,93
org.jfree.data.KeyedObjects2D,BRANCH,0.9540229885057471,87,83
org.jfree.chart.renderer.category.MinMaxCategoryRenderer,BRANCH,0.7534246575342466,73,55
org.jfree.chart.renderer.GrayPaintScale,BRANCH,1.0,15,15
org.jfree.chart.renderer.category.StatisticalBarRenderer,BRANCH,0.1958762886597938,97,19
org.jfree.chart.axis.Axis,BRANCH,0.8895348837209303,172,152
org.apache.commons.cli.CommandLine,BRANCH,1.0,32,32
org.apache.commons.cli.PosixParser,BRANCH,0.9333333333333333,45,42
org.apache.commons.cli.TypeHandler,BRANCH,0.967741935483871,31,30
org.apache.commons.cli.Parser,BRANCH,0.8108108108108109,74,60
org.apache.commons.cli.Util,BRANCH,1.0,11,11
org.apache.commons.cli2.builder.PatternBuilder,BRANCH,0.8503401360544217,147,125
org.apache.commons.cli.HelpFormatter,BRANCH,0.9407407407407408,135,127
org.apache.commons.cli.Parser,BRANCH,0.7922077922077922,77,61
org.apache.commons.cli.Parser,BRANCH,0.8181818181818182,77,63
org.apache.commons.cli.HelpFormatter,BRANCH,0.927536231884058,138,128
org.apache.commons.cli.GnuParser,BRANCH,0.9523809523809523,21,20
org.apache.commons.cli2.WriteableCommandLine,BRANCH,0.0,0,0
org.apache.commons.cli2.commandline.WriteableCommandLineImpl,BRANCH,0.9642857142857143,56,54
org.apache.commons.cli2.option.ArgumentImpl,BRANCH,0.9801980198019802,101,99
org.apache.commons.cli2.option.GroupImpl,BRANCH,0.8662420382165605,157,136
org.apache.commons.cli2.commandline.WriteableCommandLineImpl,BRANCH,0.9722222222222222,72,70
org.apache.commons.cli2.Option,BRANCH,0.0,0,0
org.apache.commons.cli2.commandline.WriteableCommandLineImpl,BRANCH,0.9743589743589743,78,76
org.apache.commons.cli2.option.GroupImpl,BRANCH,0.7898089171974523,157,124
org.apache.commons.cli2.option.OptionImpl,BRANCH,0.8936170212765957,47,42
org.apache.commons.cli.PosixParser,BRANCH,0.9333333333333333,45,42
org.apache.commons.cli.PosixParser,BRANCH,0.9318181818181818,44,41
org.apache.commons.cli.PosixParser,BRANCH,0.9318181818181818,44,41
org.apache.commons.cli.PosixParser,BRANCH,0.94,50,47
org.apache.commons.cli2.WriteableCommandLine,BRANCH,0.0,0,0
org.apache.commons.cli2.commandline.WriteableCommandLineImpl,BRANCH,0.9659090909090909,88,80
org.apache.commons.cli2.option.GroupImpl,BRANCH,0.8395061728395061,162,136
org.apache.commons.cli.PosixParser,BRANCH,1.0,46,46
org.apache.commons.cli.HelpFormatter,BRANCH,0.9225352112676056,142,131
org.apache.commons.cli.HelpFormatter,BRANCH,0.9236111111111112,144,133
org.apache.commons.cli.HelpFormatter,BRANCH,0.9027777777777778,144,130
org.apache.commons.cli.OptionBuilder,BRANCH,1.0,21,21
org.apache.commons.cli.OptionGroup,BRANCH,1.0,19,19
org.apache.commons.cli.Parser,BRANCH,0.8181818181818182,77,63
org.apache.commons.cli.Util,BRANCH,1.0,15,15
org.apache.commons.cli.DefaultParser,BRANCH,0.6994219653179191,173,121
org.apache.commons.cli.Parser,BRANCH,0.7176470588235294,85,61
org.apache.commons.cli.HelpFormatter,BRANCH,0.8670886075949367,158,137
org.apache.commons.cli.Option,BRANCH,0.9910714285714286,112,111
org.apache.commons.cli.OptionBuilder,BRANCH,1.0,21,21
org.apache.commons.cli.HelpFormatter,BRANCH,0.8993288590604027,149,134
org.apache.commons.cli.HelpFormatter,BRANCH,0.9019607843137255,153,138
org.apache.commons.cli.Option,BRANCH,0.9824561403508771,114,112
org.apache.commons.cli.OptionBuilder,BRANCH,0.9545454545454546,22,21
org.apache.commons.cli.Options,BRANCH,1.0,46,46
org.apache.commons.cli.OptionGroup,BRANCH,1.0,21,21
org.apache.commons.cli.Options,BRANCH,1.0,46,46
org.apache.commons.cli.DefaultParser,BRANCH,0.47398843930635837,173,82
org.apache.commons.cli.DefaultParser,BRANCH,0.48044692737430167,179,86
org.apache.commons.cli.TypeHandler,BRANCH,0.7586206896551724,29,22
org.apache.commons.cli.TypeHandler,BRANCH,0.7586206896551724,29,22
com.google.javascript.jscomp.RemoveUnusedVars,BRANCH,0.09003215434083602,311,28
com.google.javascript.jscomp.TypeCheck,BRANCH,0.4049429657794677,1052,426
com.google.javascript.jscomp.FlowSensitiveInlineVariables,BRANCH,0.030120481927710843,166,5
com.google.javascript.rhino.jstype.NamedType,BRANCH,0.7395833333333334,96,71
com.google.javascript.jscomp.InlineObjectLiterals,BRANCH,0.015873015873015872,126,2
com.google.javascript.jscomp.TypeValidator,BRANCH,0.5275229357798165,218,115
com.google.javascript.jscomp.type.ChainableReverseAbstractInterpreter,BRANCH,0.7407407407407407,162,120
com.google.javascript.jscomp.CollapseVariableDeclarations,BRANCH,0.6290322580645161,62,39
com.google.javascript.jscomp.ProcessCommonJSModules,BRANCH,0.7450980392156863,51,38
com.google.javascript.jscomp.NodeUtil,BRANCH,0.6956039896564462,2707,1884
com.google.javascript.jscomp.TypeCheck,BRANCH,0.45499021526418787,1022,465
com.google.javascript.jscomp.MaybeReachingVariableUse,BRANCH,0.43209876543209874,81,35
com.google.javascript.jscomp.PeepholeOptimizationsPass,BRANCH,0.8775510204081632,49,43
com.google.javascript.jscomp.ControlFlowAnalysis,BRANCH,0.7191283292978208,413,297
com.google.javascript.jscomp.FlowSensitiveInlineVariables,BRANCH,0.03355704697986577,149,5
com.google.javascript.jscomp.ScopedAliases,BRANCH,0.17142857142857143,140,24
com.google.javascript.jscomp.TypedScopeCreator,BRANCH,0.19482288828337874,734,143
com.google.javascript.jscomp.Compiler,BRANCH,0.5504424778761062,565,311
com.google.javascript.jscomp.type.ChainableReverseAbstractInterpreter,BRANCH,0.7407407407407407,162,120
com.google.javascript.jscomp.PeepholeSubstituteAlternateSyntax,BRANCH,0.27154471544715447,615,165
com.google.javascript.jscomp.CheckSideEffects,BRANCH,0.8444444444444444,45,38
com.google.javascript.jscomp.CheckSideEffects,BRANCH,0.8444444444444444,45,38
com.google.javascript.jscomp.PeepholeFoldConstants,BRANCH,0.5041322314049587,1089,549
com.google.javascript.jscomp.ScopedAliases,BRANCH,0.23333333333333334,120,28
com.google.javascript.jscomp.TypeInference,BRANCH,0.0030534351145038168,655,2
com.google.javascript.jscomp.ProcessCommonJSModules,BRANCH,0.8431372549019608,51,43
com.google.javascript.rhino.IR,BRANCH,0.9893899204244032,377,373
com.google.javascript.jscomp.InlineCostEstimator,BRANCH,1.0,11,11
com.google.javascript.jscomp.InlineObjectLiterals,BRANCH,0.016129032258064516,124,2
com.google.javascript.jscomp.FlowSensitiveInlineVariables,BRANCH,0.034482758620689655,145,5
com.google.javascript.jscomp.MustBeReachingVariableDef,BRANCH,0.519774011299435,177,92
com.google.javascript.jscomp.Compiler,BRANCH,0.48523985239852396,542,263
com.google.javascript.jscomp.parsing.JsDocInfoParser,BRANCH,0.31341301460823373,753,234
com.google.javascript.rhino.jstype.PrototypeObjectType,BRANCH,0.8629441624365483,197,170
com.google.javascript.jscomp.CodeGenerator,BRANCH,0.1358695652173913,736,97
com.google.javascript.jscomp.CodePrinter,BRANCH,0.6064516129032258,155,94
com.google.javascript.jscomp.TypeInference,BRANCH,0.43157894736842106,665,287
com.google.javascript.jscomp.InlineVariables,BRANCH,0.03543307086614173,254,9
com.google.javascript.jscomp.NodeTraversal,BRANCH,0.8676470588235294,136,112
com.google.javascript.jscomp.parsing.IRFactory,BRANCH,0.4734982332155477,566,268
com.google.javascript.jscomp.CodeConsumer,BRANCH,0.10227272727272728,88,9
com.google.javascript.rhino.jstype.PrototypeObjectType,BRANCH,0.8556149732620321,187,160
com.google.javascript.jscomp.NameAnalyzer,BRANCH,0.3,510,153
com.google.javascript.jscomp.FunctionTypeBuilder,BRANCH,0.5057471264367817,261,132
com.google.javascript.jscomp.parsing.IRFactory,BRANCH,0.46631205673758863,564,263
com.google.javascript.jscomp.TypedScopeCreator,BRANCH,0.36182336182336183,702,254
com.google.javascript.jscomp.CodeConsumer,BRANCH,0.10465116279069768,86,9
com.google.javascript.jscomp.RemoveUnusedVars,BRANCH,0.12052117263843648,307,37
com.google.javascript.rhino.jstype.RecordType,BRANCH,0.7972972972972973,74,59
com.google.debugging.sourcemap.SourceMapConsumerV3,BRANCH,0.06470588235294118,170,11
com.google.javascript.jscomp.SourceMap,BRANCH,0.018518518518518517,54,1
com.google.javascript.jscomp.TypedScopeCreator,BRANCH,0.27923976608187134,684,191
com.google.javascript.jscomp.MakeDeclaredNamesUnique,BRANCH,0.6159420289855072,138,85
com.google.javascript.jscomp.PeepholeReplaceKnownMethods,BRANCH,0.11196911196911197,259,29
com.google.javascript.jscomp.CodeConsumer,BRANCH,0.10975609756097561,82,9
com.google.javascript.jscomp.CodeGenerator,BRANCH,0.1480978260869565,736,106
com.google.javascript.jscomp.InlineObjectLiterals,BRANCH,0.015625,128,2
com.google.javascript.jscomp.TypedScopeCreator,BRANCH,0.25696594427244585,646,166
com.google.javascript.rhino.jstype.FunctionType,BRANCH,0.7425149700598802,334,248
com.google.javascript.jscomp.FunctionRewriter,BRANCH,0.7525773195876289,97,73
com.google.javascript.jscomp.SourceFile,BRANCH,0.9743589743589743,78,75
com.google.javascript.jscomp.ClosureCodingConvention,BRANCH,0.3504273504273504,117,41
com.google.javascript.jscomp.LiveVariablesAnalysis,BRANCH,0.023809523809523808,84,2
com.google.javascript.jscomp.Compiler,BRANCH,0.5845824411134903,467,273
com.google.javascript.jscomp.NodeUtil,BRANCH,0.7646090534979424,2430,1858
com.google.javascript.jscomp.NodeUtil,BRANCH,0.7934872217642209,2426,1925
com.google.javascript.jscomp.LightweightMessageFormatter,BRANCH,0.717948717948718,39,28
com.google.javascript.jscomp.Compiler,BRANCH,0.5339168490153173,457,244
com.google.javascript.jscomp.CodeGenerator,BRANCH,0.14713896457765668,734,105
com.google.javascript.jscomp.TypeCheck,BRANCH,0.5207280080889788,989,515
com.google.javascript.jscomp.AnalyzePrototypeProperties,BRANCH,0.5142857142857142,175,90
com.google.javascript.jscomp.parsing.JsDocInfoParser,BRANCH,0.301521438450899,723,218
com.google.javascript.jscomp.TypeCheck,BRANCH,0.5227502527805864,989,517
com.google.javascript.jscomp.TypedScopeCreator,BRANCH,0.3137254901960784,663,208
com.google.javascript.jscomp.CheckAccessControls,BRANCH,0.15217391304347827,230,35
com.google.javascript.jscomp.FunctionToBlockMutator,BRANCH,0.047058823529411764,85,3
com.google.javascript.jscomp.RenameLabels,BRANCH,0.7555555555555555,45,34
com.google.javascript.jscomp.CodeGenerator,BRANCH,0.6721311475409836,732,493
com.google.javascript.jscomp.PeepholeFoldConstants,BRANCH,0.5108225108225108,1155,590
com.google.javascript.jscomp.NodeUtil,BRANCH,0.7694872863693205,2399,1844
com.google.javascript.jscomp.DeadAssignmentsElimination,BRANCH,0.030120481927710843,166,5
com.google.javascript.jscomp.CodeGenerator,BRANCH,0.13509749303621169,718,94
com.google.javascript.jscomp.PeepholeFoldConstants,BRANCH,0.5639165911151405,1103,623
com.google.javascript.jscomp.Normalize,BRANCH,0.36403508771929827,228,83
com.google.javascript.jscomp.VarCheck,BRANCH,0.56,75,42
com.google.javascript.jscomp.NodeUtil,BRANCH,0.7431307243963364,2402,1785
com.google.javascript.jscomp.parsing.IRFactory,BRANCH,0.4805914972273567,541,258
com.google.javascript.rhino.jstype.JSType,BRANCH,0.9739130434782609,230,224
com.google.javascript.jscomp.CommandLineRunner,BRANCH,0.44,50,22
com.google.javascript.jscomp.parsing.IRFactory,BRANCH,0.5086042065009561,523,266
com.google.javascript.jscomp.UnreachableCodeElimination,BRANCH,0.3088235294117647,68,20
com.google.javascript.jscomp.NodeUtil,BRANCH,0.7742564602632862,2051,1593
com.google.javascript.jscomp.PeepholeSubstituteAlternateSyntax,BRANCH,0.27807486631016043,374,101
com.google.javascript.jscomp.DeadAssignmentsElimination,BRANCH,0.11290322580645161,124,14
com.google.javascript.jscomp.CollapseProperties,BRANCH,0.13983050847457626,236,33
com.google.javascript.jscomp.GlobalNamespace,BRANCH,0.5443349753694581,406,221
com.google.javascript.jscomp.FunctionTypeBuilder,BRANCH,0.5267489711934157,243,128
com.google.javascript.rhino.jstype.FunctionType,BRANCH,0.8552631578947368,304,260
com.google.javascript.jscomp.CheckGlobalThis,BRANCH,0.64,75,48
com.google.javascript.jscomp.ProcessClosurePrimitives,BRANCH,0.1879432624113475,282,53
com.google.javascript.jscomp.NodeUtil,BRANCH,0.7990844354018312,1966,1571
com.google.javascript.jscomp.TypedScopeCreator,BRANCH,0.3066914498141264,538,165
com.google.javascript.jscomp.TypeCheck,BRANCH,0.5519125683060109,915,505
com.google.javascript.jscomp.PeepholeFoldConstants,BRANCH,0.5045992115637319,761,384
com.google.javascript.jscomp.ReferenceCollectingCallback,BRANCH,0.6022099447513812,181,109
com.google.javascript.jscomp.CheckGlobalThis,BRANCH,0.7936507936507936,63,50
com.google.javascript.jscomp.CheckGlobalThis,BRANCH,0.8070175438596491,57,46
com.google.javascript.jscomp.CommandLineRunner,BRANCH,0.3611111111111111,36,13
com.google.javascript.jscomp.Normalize,BRANCH,0.6535947712418301,153,100
com.google.javascript.jscomp.ControlFlowAnalysis,BRANCH,0.6658163265306123,392,264
com.google.javascript.jscomp.DisambiguateProperties,BRANCH,0.23666666666666666,300,71
com.google.javascript.rhino.jstype.UnionType,BRANCH,1.0,131,131
com.google.javascript.jscomp.FoldConstants,BRANCH,0.40301724137931033,928,373
com.google.javascript.jscomp.GlobalNamespace,BRANCH,0.41,400,164
com.google.javascript.rhino.JSDocInfoBuilder,BRANCH,0.98,150,147
com.google.javascript.jscomp.CommandLineRunner,BRANCH,0.23404255319148937,94,22
com.google.javascript.jscomp.ScopedAliases,BRANCH,0.14450867052023122,173,25
com.google.javascript.jscomp.parsing.JsDocInfoParser,BRANCH,0.31206496519721577,862,269
com.google.javascript.jscomp.ScopedAliases,BRANCH,0.14792899408284024,169,25
com.google.javascript.rhino.Node,BRANCH,0.840782122905028,716,602
com.google.javascript.jscomp.type.ClosureReverseAbstractInterpreter,BRANCH,0.2638888888888889,72,19
com.google.javascript.jscomp.TypeInference,BRANCH,0.35149156939040205,771,271
com.google.javascript.jscomp.ProcessClosurePrimitives,BRANCH,0.13068181818181818,352,46
com.google.javascript.jscomp.NameAnalyzer,BRANCH,0.2407079646017699,565,136
com.google.javascript.jscomp.FunctionInjector,BRANCH,0.18,250,45
com.google.javascript.jscomp.FunctionInjector,BRANCH,0.18604651162790697,258,48
com.google.javascript.jscomp.TypeValidator,BRANCH,0.36936936936936937,222,82
com.google.javascript.jscomp.DisambiguateProperties,BRANCH,0.024128686327077747,373,9
com.google.javascript.jscomp.GlobalNamespace,BRANCH,0.39235412474849096,497,194
com.google.javascript.jscomp.ReferenceCollectingCallback,BRANCH,0.4393939393939394,198,87
com.google.javascript.jscomp.InlineVariables,BRANCH,0.03461538461538462,260,9
com.google.javascript.jscomp.parsing.IRFactory,BRANCH,0.41310975609756095,656,271
com.google.javascript.jscomp.CodeGenerator,BRANCH,0.15721649484536082,776,118
com.google.javascript.jscomp.ExploitAssigns,BRANCH,0.0449438202247191,89,4
com.google.javascript.jscomp.TypeCheck,BRANCH,0.20976491862567812,1106,232
com.google.javascript.jscomp.MinimizeExitPoints,BRANCH,0.6052631578947368,76,46
com.google.javascript.jscomp.UnreachableCodeElimination,BRANCH,0.03529411764705882,85,3
com.google.javascript.jscomp.CodeGenerator,BRANCH,0.13896103896103895,770,106
com.google.javascript.jscomp.PrepareAst,BRANCH,0.5423728813559322,59,32
com.google.javascript.jscomp.CollapseProperties,BRANCH,0.03272727272727273,275,9
com.google.javascript.rhino.TokenStream,BRANCH,0.8938906752411575,311,274
com.google.javascript.jscomp.PeepholeSubstituteAlternateSyntax,BRANCH,0.1932367149758454,621,120
com.google.javascript.jscomp.parsing.JsDocInfoParser,BRANCH,0.32125,800,257
com.google.javascript.jscomp.AmbiguateProperties,BRANCH,0.3961038961038961,154,61
com.google.javascript.jscomp.TypedScopeCreator,BRANCH,0.1928721174004193,477,92
com.google.javascript.jscomp.DevirtualizePrototypeMethods,BRANCH,0.09411764705882353,85,8
com.google.javascript.rhino.jstype.FunctionType,BRANCH,0.9007633587786259,262,236
com.google.javascript.jscomp.MethodCompilerPass,BRANCH,0.7213114754098361,61,44
com.google.javascript.jscomp.RenameVars,BRANCH,0.5727272727272728,110,63
com.google.javascript.jscomp.MakeDeclaredNamesUnique,BRANCH,0.578125,128,74
com.google.javascript.jscomp.NodeUtil,BRANCH,0.7810262529832935,1676,1309
com.google.javascript.jscomp.Normalize,BRANCH,0.6217948717948718,156,97
com.google.javascript.jscomp.ClosureReverseAbstractInterpreter,BRANCH,0.296875,64,19
com.google.javascript.jscomp.TypeInference,BRANCH,0.38461538461538464,598,230
com.google.javascript.jscomp.Normalize,BRANCH,0.64,175,112
com.google.javascript.jscomp.Compiler,BRANCH,0.6450704225352113,355,228
com.google.javascript.jscomp.NodeUtil,BRANCH,0.8323353293413174,1670,1394
com.google.javascript.jscomp.PureFunctionIdentifier,BRANCH,0.22624434389140272,221,50
com.google.javascript.jscomp.CoalesceVariableNames,BRANCH,0.034482758620689655,145,5
com.google.javascript.jscomp.parsing.JsDocInfoParser,BRANCH,0.3058637083993661,631,193
com.google.javascript.jscomp.AbstractCommandLineRunner,BRANCH,0.32677165354330706,254,83
com.google.javascript.jscomp.RemoveConstantExpressions,BRANCH,1.0,16,16
com.google.javascript.jscomp.FunctionTypeBuilder,BRANCH,0.3147208121827411,197,62
com.google.javascript.jscomp.TypedScopeCreator,BRANCH,0.18590998043052837,511,95
com.google.javascript.rhino.jstype.FunctionBuilder,BRANCH,1.0,14,14
com.google.javascript.rhino.jstype.FunctionType,BRANCH,0.8790035587188612,281,247
com.google.javascript.jscomp.CodeGenerator,BRANCH,0.12481203007518797,665,82
com.google.javascript.rhino.jstype.JSType,BRANCH,0.9736842105263158,190,185
com.google.javascript.jscomp.CheckGlobalThis,BRANCH,0.6307692307692307,65,41
com.google.javascript.jscomp.RuntimeTypeCheck,BRANCH,0.11363636363636363,88,10
com.google.javascript.jscomp.PeepholeFoldConstants,BRANCH,0.4375821287779238,761,333
com.google.javascript.jscomp.SourceMap,BRANCH,0.8508771929824561,114,97
com.google.javascript.jscomp.AbstractCommandLineRunner,BRANCH,0.33666666666666667,300,101
com.google.javascript.jscomp.CommandLineRunner,BRANCH,0.41304347826086957,46,19
com.google.javascript.jscomp.Compiler,BRANCH,0.4065656565656566,396,160
com.google.javascript.jscomp.CompilerOptions,BRANCH,1.0,52,52
com.google.javascript.jscomp.TypedScopeCreator,BRANCH,0.3113207547169811,530,165
com.google.javascript.jscomp.CommandLineRunner,BRANCH,0.44,50,22
com.google.javascript.rhino.jstype.FunctionType,BRANCH,0.8675496688741722,302,262
com.google.javascript.jscomp.Normalize,BRANCH,0.6359447004608295,217,138
com.google.javascript.jscomp.SyntacticScopeCreator,BRANCH,0.4189189189189189,74,31
com.google.javascript.jscomp.TypeCheck,BRANCH,0.5154091392136025,941,483
com.google.javascript.jscomp.TypeValidator,BRANCH,0.6214953271028038,214,131
com.google.javascript.jscomp.InlineVariables,BRANCH,0.05859375,256,15
com.google.javascript.jscomp.ReferenceCollectingCallback,BRANCH,0.7880434782608695,184,145
com.google.javascript.jscomp.Scope,BRANCH,0.79,100,78
com.google.javascript.jscomp.CollapseProperties,BRANCH,0.13095238095238096,252,33
com.google.javascript.jscomp.CodeGenerator,BRANCH,0.13179347826086957,736,95
com.google.javascript.jscomp.parsing.IRFactory,BRANCH,0.41681574239713776,559,233
com.google.javascript.jscomp.RenamePrototypes,BRANCH,0.016,125,2
com.google.javascript.jscomp.AbstractCommandLineRunner,BRANCH,0.3936781609195402,348,137
com.google.javascript.jscomp.CommandLineRunner,BRANCH,0.265625,64,17
com.google.javascript.jscomp.DiagnosticGroups,BRANCH,1.0,7,6
com.google.javascript.jscomp.InlineFunctions,BRANCH,0.09259259259259259,324,30
com.google.javascript.jscomp.Compiler,BRANCH,0.6247240618101545,453,283
com.google.javascript.jscomp.PeepholeFoldConstants,BRANCH,0.5463414634146342,1025,560
com.google.javascript.jscomp.Scope,BRANCH,0.8,120,96
com.google.javascript.jscomp.ScopedAliases,BRANCH,0.2413793103448276,116,28
com.google.javascript.jscomp.AnalyzePrototypeProperties,BRANCH,0.6051282051282051,195,118
com.google.javascript.jscomp.CrossModuleMethodMotion,BRANCH,0.16216216216216217,37,6
com.google.javascript.rhino.jstype.ArrowType,BRANCH,0.9252336448598131,107,99
com.google.javascript.rhino.jstype.JSTypeRegistry,BRANCH,0.8326693227091634,251,209
com.google.javascript.rhino.jstype.ObjectType,BRANCH,0.9157894736842105,95,87
com.google.javascript.rhino.jstype.RecordType,BRANCH,0.810126582278481,79,64
com.google.javascript.rhino.jstype.RecordTypeBuilder,BRANCH,1.0,10,10
com.google.javascript.rhino.jstype.PrototypeObjectType,BRANCH,0.8571428571428571,203,174
com.google.javascript.jscomp.type.SemanticReverseAbstractInterpreter,BRANCH,0.5681818181818182,220,125
com.google.javascript.rhino.jstype.JSType,BRANCH,0.9290540540540541,296,275
com.google.javascript.jscomp.TypedScopeCreator,BRANCH,0.20911528150134048,746,156
com.google.javascript.rhino.jstype.ArrowType,BRANCH,0.8888888888888888,117,104
com.google.javascript.rhino.jstype.EquivalenceMethod,BRANCH,0.0,0,0
com.google.javascript.rhino.jstype.FunctionType,BRANCH,0.7319587628865979,388,284
com.google.javascript.rhino.jstype.JSType,BRANCH,0.8071625344352618,363,293
com.google.javascript.rhino.jstype.RecordType,BRANCH,0.9104477611940298,67,61
com.google.javascript.rhino.jstype.UnionType,BRANCH,0.93048128342246,187,174
com.google.javascript.jscomp.FlowSensitiveInlineVariables,BRANCH,0.029069767441860465,172,5
com.google.javascript.jscomp.TypeInference,BRANCH,0.27344782034346105,757,207
com.google.javascript.jscomp.TypedScopeCreator,BRANCH,0.17574257425742573,808,142
com.google.javascript.jscomp.TypedScopeCreator,BRANCH,0.18382352941176472,816,150
com.google.javascript.jscomp.CodeGenerator,BRANCH,0.13730569948186527,772,105
com.google.javascript.jscomp.PeepholeSubstituteAlternateSyntax,BRANCH,0.25,252,60
com.google.javascript.jscomp.JsAst,BRANCH,0.7692307692307693,13,10
com.google.javascript.jscomp.NodeUtil,BRANCH,0.5059612518628912,2684,1358
com.google.javascript.jscomp.ScopedAliases,BRANCH,0.15527950310559005,161,25
com.google.javascript.jscomp.FunctionInjector,BRANCH,0.18292682926829268,246,45
com.google.javascript.jscomp.TypeInference,BRANCH,0.39021329987452946,797,311
org.apache.commons.codec.language.Caverphone,BRANCH,1.0,9,9
org.apache.commons.codec.language.Metaphone,BRANCH,0.9715639810426541,211,205
org.apache.commons.codec.language.SoundexUtils,BRANCH,1.0,20,20
org.apache.commons.codec.binary.Base64,BRANCH,0.9558011049723757,181,173
org.apache.commons.codec.language.DoubleMetaphone,BRANCH,0.9186507936507936,504,463
org.apache.commons.codec.binary.Base64,BRANCH,0.9898477157360406,197,192
org.apache.commons.codec.binary.Base64,BRANCH,0.9850746268656716,201,106
org.apache.commons.codec.binary.Base64InputStream,BRANCH,0.9705882352941176,34,33
org.apache.commons.codec.binary.Base64,BRANCH,0.9850746268656716,201,111
org.apache.commons.codec.binary.Base64,BRANCH,0.9476439790575916,191,181
org.apache.commons.codec.binary.Base64InputStream,BRANCH,0.9666666666666667,30,29
org.apache.commons.codec.binary.Base64,BRANCH,0.9384615384615385,195,180
org.apache.commons.codec.language.Caverphone,BRANCH,1.0,9,9
org.apache.commons.codec.net.QuotedPrintableCodec,BRANCH,0.9605263157894737,76,73
org.apache.commons.codec.binary.BaseNCodecInputStream,BRANCH,0.9736842105263158,38,37
org.apache.commons.codec.binary.CharSequenceUtils,BRANCH,0.8666666666666667,15,13
org.apache.commons.codec.binary.StringUtils,BRANCH,1.0,32,31
org.apache.commons.codec.language.DoubleMetaphone,BRANCH,0.8895582329317269,498,443
org.apache.commons.codec.language.bm.PhoneticEngine,BRANCH,0.15555555555555556,90,14
org.apache.commons.codec.language.Soundex,BRANCH,0.975,40,39
org.apache.commons.codec.binary.Base32,BRANCH,1.0,95,95
org.apache.commons.codec.binary.StringUtils,BRANCH,1.0,35,35
org.apache.commons.codec.binary.StringUtils,BRANCH,1.0,39,39
org.apache.commons.collections4.IteratorUtils,BRANCH,0.8352941176470589,170,142
org.apache.commons.collections4.keyvalue.MultiKey,BRANCH,1.0,23,23
org.apache.commons.collections4.map.MultiValueMap,BRANCH,0.7011494252873564,87,61
org.apache.commons.collections4.trie.AbstractPatriciaTrie,BRANCH,0.47039473684210525,608,285
org.apache.commons.compress.archivers.cpio.CpioArchiveOutputStream,BRANCH,0.8762886597938144,97,85
org.apache.commons.compress.archivers.ar.ArArchiveInputStream,BRANCH,0.4915254237288136,59,29
org.apache.commons.compress.archivers.tar.TarArchiveOutputStream,BRANCH,1.0,37,37
org.apache.commons.compress.archivers.cpio.CpioArchiveOutputStream,BRANCH,0.8681318681318682,91,79
org.apache.commons.compress.archivers.tar.TarArchiveOutputStream,BRANCH,0.7027027027027027,37,26
org.apache.commons.compress.archivers.zip.ZipArchiveOutputStream,BRANCH,0.7633587786259542,131,100
org.apache.commons.compress.changes.ChangeSetPerformer,BRANCH,0.7884615384615384,52,41
org.apache.commons.compress.archivers.zip.ZipArchiveInputStream,BRANCH,0.29292929292929293,99,29
org.apache.commons.compress.archivers.zip.ZipArchiveEntry,BRANCH,0.9615384615384616,78,75
org.apache.commons.compress.archivers.tar.TarUtils,BRANCH,1.0,41,40
org.apache.commons.compress.archivers.tar.TarUtils,BRANCH,1.0,52,50
org.apache.commons.compress.archivers.tar.TarArchiveOutputStream,BRANCH,1.0,50,50
org.apache.commons.compress.archivers.zip.ZipFile,BRANCH,0.14814814814814814,135,20
org.apache.commons.compress.archivers.ArchiveStreamFactory,BRANCH,0.8775510204081632,49,43
org.apache.commons.compress.archivers.tar.TarArchiveInputStream,BRANCH,0.3870967741935484,124,48
org.apache.commons.compress.archivers.zip.ZipArchiveEntry,BRANCH,0.9701492537313433,134,130
org.apache.commons.compress.archivers.tar.TarUtils,BRANCH,1.0,66,66
org.apache.commons.compress.archivers.zip.ZipArchiveEntry,BRANCH,0.9701492537313433,134,130
org.apache.commons.compress.archivers.ArchiveStreamFactory,BRANCH,0.8431372549019608,51,43
org.apache.commons.compress.archivers.tar.TarUtils,BRANCH,0.9365079365079365,126,118
org.apache.commons.compress.archivers.tar.TarArchiveOutputStream,BRANCH,0.9405940594059405,101,95
org.apache.commons.compress.archivers.zip.Zip64ExtendedInformationExtraField,BRANCH,1.0,72,72
org.apache.commons.compress.archivers.cpio.CpioArchiveInputStream,BRANCH,0.39166666666666666,120,47
org.apache.commons.compress.archivers.sevenz.SevenZOutputFile,BRANCH,0.8235294117647058,153,126
org.apache.commons.compress.compressors.bzip2.BZip2CompressorInputStream,BRANCH,0.043010752688172046,279,12
org.apache.commons.compress.archivers.sevenz.Coders,BRANCH,0.7407407407407407,54,40
org.apache.commons.compress.archivers.tar.TarUtils,BRANCH,0.967741935483871,124,120
org.apache.commons.compress.archivers.zip.ZipArchiveInputStream,BRANCH,0.1532567049808429,261,40
org.apache.commons.compress.utils.IOUtils,BRANCH,0.9259259259259259,27,25
org.apache.commons.compress.archivers.tar.TarUtils,BRANCH,0.9344262295081968,122,110
org.apache.commons.compress.archivers.tar.TarArchiveInputStream,BRANCH,0.3819444444444444,144,55
org.apache.commons.compress.archivers.ArchiveStreamFactory,BRANCH,0.6881720430107527,93,65
org.apache.commons.compress.archivers.cpio.CpioArchiveInputStream,BRANCH,0.3813559322033898,118,45
org.apache.commons.compress.archivers.cpio.CpioArchiveOutputStream,BRANCH,0.8833333333333333,120,106
org.apache.commons.compress.archivers.dump.DumpArchiveInputStream,BRANCH,0.0390625,128,5
org.apache.commons.compress.archivers.tar.TarArchiveInputStream,BRANCH,0.36054421768707484,147,53
org.apache.commons.compress.archivers.tar.TarArchiveOutputStream,BRANCH,0.8203125,128,104
org.apache.commons.compress.archivers.zip.ZipArchiveInputStream,BRANCH,0.12260536398467432,261,32
org.apache.commons.compress.compressors.bzip2.BZip2CompressorInputStream,BRANCH,0.042704626334519574,281,12
org.apache.commons.compress.archivers.tar.TarUtils,BRANCH,0.9590163934426229,122,117
org.apache.commons.compress.archivers.tar.TarArchiveInputStream,BRANCH,0.3877551020408163,147,57
org.apache.commons.compress.compressors.CompressorStreamFactory,BRANCH,0.8153846153846154,65,53
org.apache.commons.compress.compressors.deflate.DeflateCompressorInputStream,BRANCH,0.47619047619047616,21,10
org.apache.commons.compress.archivers.zip.X7875_NewUnix,BRANCH,1.0,30,30
org.apache.commons.compress.archivers.tar.TarUtils,BRANCH,0.8839285714285714,112,99
org.apache.commons.compress.archivers.sevenz.SevenZFile,BRANCH,0.023952095808383235,334,8
org.apache.commons.compress.archivers.tar.TarArchiveInputStream,BRANCH,0.34269662921348315,178,61
org.apache.commons.compress.archivers.tar.TarArchiveEntry,BRANCH,0.6666666666666666,201,132
org.apache.commons.compress.utils.ArchiveUtils,BRANCH,0.8823529411764706,51,45
org.apache.commons.compress.utils.BitInputStream,BRANCH,1.0,25,25
org.apache.commons.compress.archivers.zip.ZipArchiveInputStream,BRANCH,0.14869888475836432,269,40
org.apache.commons.compress.archivers.zip.UnixStat,BRANCH,0.0,0,0
org.apache.commons.compress.archivers.zip.ZipArchiveEntry,BRANCH,0.975609756097561,164,160
org.apache.commons.compress.archivers.zip.ZipArchiveOutputStream,BRANCH,0.846875,320,271
org.apache.commons.compress.utils.ChecksumCalculatingInputStream,BRANCH,1.0,12,12
org.apache.commons.compress.archivers.tar.TarUtils,BRANCH,0.9482758620689655,116,108
org.apache.commons.compress.archivers.zip.X5455_ExtendedTimestamp,BRANCH,1.0,117,117
org.apache.commons.compress.archivers.zip.ZipArchiveInputStream,BRANCH,0.1353135313531353,303,41
org.apache.commons.csv.ExtendedBufferedReader,BRANCH,0.6,30,18
org.apache.commons.csv.CSVRecord,BRANCH,1.0,25,25
org.apache.commons.csv.Lexer,BRANCH,0.9428571428571428,70,64
org.apache.commons.csv.CSVParser,BRANCH,0.8285714285714286,70,58
org.apache.commons.csv.CSVPrinter,BRANCH,0.921875,128,118
org.apache.commons.csv.CSVRecord,BRANCH,0.96875,32,31
org.apache.commons.csv.CSVParser,BRANCH,0.8243243243243243,74,61
org.apache.commons.csv.CSVFormat,BRANCH,0.9939024390243902,164,163
org.apache.commons.csv.CSVRecord,BRANCH,0.9722222222222222,36,33
org.apache.commons.csv.CSVPrinter,BRANCH,0.9302325581395349,129,120
org.apache.commons.csv.CSVParser,BRANCH,0.7261904761904762,84,61
org.apache.commons.csv.CSVFormat,BRANCH,1.0,167,167
org.apache.commons.csv.CSVFormat,BRANCH,0.9949748743718593,199,198
org.apache.commons.csv.CSVPrinter,BRANCH,0.7553956834532374,139,105
org.apache.commons.csv.CSVFormat,BRANCH,0.9788519637462235,331,323
org.apache.commons.csv.CSVFormat,BRANCH,0.9722222222222222,324,314
org.apache.commons.csv.CSVParser,BRANCH,0.8404255319148937,94,78
com.google.gson.TypeInfoFactory,BRANCH,0.043478260869565216,46,2
com.google.gson.internal.bind.TypeAdapters,BRANCH,0.48880597014925375,268,131
com.google.gson.internal.ConstructorConstructor,BRANCH,0.0,66,0
com.google.gson.stream.JsonReader,BRANCH,0.7674772036474165,658,488
com.google.gson.stream.JsonWriter,BRANCH,0.9009009009009009,111,100
com.google.gson.internal.bind.util.ISO8601Utils,BRANCH,0.8041237113402062,97,78
com.google.gson.internal.bind.JsonAdapterAnnotationTypeAdapterFactory,BRANCH,0.6666666666666666,9,6
com.google.gson.stream.JsonReader,BRANCH,0.7732732732732732,666,496
com.google.gson.internal.UnsafeAllocator,BRANCH,0.5,14,7
com.google.gson.internal.bind.JsonTreeWriter,BRANCH,0.9054054054054054,74,67
com.google.gson.internal.bind.TypeAdapters,BRANCH,0.18374558303886926,283,52
com.google.gson.stream.JsonWriter,BRANCH,0.9043478260869565,115,104
com.google.gson.internal.bind.ReflectiveTypeAdapterFactory,BRANCH,0.5692307692307692,65,37
com.google.gson.internal.bind.TypeAdapters,BRANCH,0.5226480836236934,287,150
com.google.gson.internal.bind.JsonTreeReader,BRANCH,0.912621359223301,103,94
com.google.gson.stream.JsonReader,BRANCH,0.8005908419497785,677,529
com.google.gson.internal.$Gson$Types,BRANCH,0.7281553398058253,206,150
com.google.gson.stream.JsonWriter,BRANCH,0.905982905982906,117,106
com.google.gson.internal.$Gson$Types,BRANCH,0.7156398104265402,211,151
com.google.gson.DefaultDateTypeAdapter,BRANCH,0.9565217391304348,23,22
com.google.gson.internal.$Gson$Types,BRANCH,0.7122641509433962,212,151
com.fasterxml.jackson.core.io.NumberInput,BRANCH,0.9672131147540983,122,118
com.fasterxml.jackson.core.util.TextBuffer,BRANCH,0.9774436090225563,133,130
com.fasterxml.jackson.core.json.ReaderBasedJsonParser,BRANCH,0.6596009975062345,802,525
com.fasterxml.jackson.core.json.UTF8StreamJsonParser,BRANCH,0.22071713147410357,1255,282
com.fasterxml.jackson.core.json.UTF8StreamJsonParser,BRANCH,0.3200636942675159,1256,408
com.fasterxml.jackson.core.util.TextBuffer,BRANCH,0.9929078014184397,141,140
com.fasterxml.jackson.core.JsonPointer,BRANCH,0.9857142857142858,70,69
com.fasterxml.jackson.core.JsonPointer,BRANCH,0.9871794871794872,78,77
com.fasterxml.jackson.core.json.JsonWriteContext,BRANCH,1.0,44,44
com.fasterxml.jackson.core.util.TextBuffer,BRANCH,0.9931972789115646,147,146
com.fasterxml.jackson.core.base.ParserMinimalBase,BRANCH,0.4039408866995074,203,82
com.fasterxml.jackson.core.json.ReaderBasedJsonParser,BRANCH,0.5838445807770961,978,564
com.fasterxml.jackson.core.json.UTF8StreamJsonParser,BRANCH,0.17364447494852436,1457,266
com.fasterxml.jackson.core.sym.ByteQuadsCanonicalizer,BRANCH,0.8779661016949153,295,252
com.fasterxml.jackson.core.sym.ByteQuadsCanonicalizer,BRANCH,0.9191919191919192,297,272
com.fasterxml.jackson.core.json.ReaderBasedJsonParser,BRANCH,0.5586546349466776,1219,674
com.fasterxml.jackson.core.json.UTF8StreamJsonParser,BRANCH,0.2825788751714678,1458,412
com.fasterxml.jackson.core.json.JsonGeneratorImpl,BRANCH,0.9473684210526315,19,18
com.fasterxml.jackson.core.io.IOContext,BRANCH,1.0,39,39
com.fasterxml.jackson.core.filter.FilteringParserDelegate,BRANCH,0.6310975609756098,328,207
com.fasterxml.jackson.core.util.JsonParserSequence,BRANCH,0.9642857142857143,28,27
com.fasterxml.jackson.core.json.UTF8JsonGenerator,BRANCH,0.7719928186714542,557,433
com.fasterxml.jackson.core.base.GeneratorBase,BRANCH,0.7631578947368421,76,58
com.fasterxml.jackson.core.json.UTF8JsonGenerator,BRANCH,0.6209386281588448,554,342
com.fasterxml.jackson.core.json.WriterBasedJsonGenerator,BRANCH,0.5257936507936508,504,269
com.fasterxml.jackson.core.json.ReaderBasedJsonParser,BRANCH,0.5471698113207547,1219,662
com.fasterxml.jackson.core.json.UTF8StreamJsonParser,BRANCH,0.17376373626373626,1456,266
com.fasterxml.jackson.core.JsonGenerator,BRANCH,0.5730994152046783,171,98
com.fasterxml.jackson.core.filter.FilteringParserDelegate,BRANCH,0.6072507552870091,331,201
com.fasterxml.jackson.core.filter.FilteringParserDelegate,BRANCH,0.6005830903790087,343,203
com.fasterxml.jackson.core.util.DefaultPrettyPrinter,BRANCH,0.9830508474576272,59,58
com.fasterxml.jackson.core.base.ParserBase,BRANCH,0.1888111888111888,286,54
com.fasterxml.jackson.core.base.ParserMinimalBase,BRANCH,0.4252336448598131,214,91
com.fasterxml.jackson.core.json.ReaderBasedJsonParser,BRANCH,0.6346153846153846,1404,878
com.fasterxml.jackson.core.json.async.NonBlockingJsonParser,BRANCH,0.5498489425981873,1324,728
com.fasterxml.jackson.databind.ser.BeanPropertyWriter,BRANCH,0.6833333333333333,120,82
com.fasterxml.jackson.databind.deser.std.StringArrayDeserializer,BRANCH,0.5897435897435898,39,21
com.fasterxml.jackson.databind.deser.std.StringArrayDeserializer,BRANCH,0.46153846153846156,39,18
com.fasterxml.jackson.databind.introspect.AnnotatedClass,BRANCH,0.8020833333333334,288,196
com.fasterxml.jackson.databind.util.StdDateFormat,BRANCH,0.9922480620155039,129,123
com.fasterxml.jackson.databind.util.TokenBuffer,BRANCH,0.7362385321100917,436,321
com.fasterxml.jackson.databind.deser.impl.CreatorCollector,BRANCH,0.7272727272727273,99,71
com.fasterxml.jackson.databind.ser.std.StdKeySerializer,BRANCH,1.0,9,9
com.fasterxml.jackson.databind.ser.AnyGetterWriter,BRANCH,0.1111111111111111,18,2
com.fasterxml.jackson.databind.ser.BeanSerializerFactory,BRANCH,0.6211180124223602,161,100
com.fasterxml.jackson.databind.type.TypeFactory,BRANCH,0.9078947368421053,228,194
com.fasterxml.jackson.databind.deser.std.MapDeserializer,BRANCH,0.453416149068323,161,73
com.fasterxml.jackson.databind.deser.DefaultDeserializationContext,BRANCH,0.6282051282051282,78,49
com.fasterxml.jackson.databind.deser.impl.ObjectIdValueProperty,BRANCH,1.0,16,16
com.fasterxml.jackson.databind.ObjectReader,BRANCH,0.7066666666666667,225,158
com.fasterxml.jackson.databind.JavaType,BRANCH,0.8571428571428571,49,42
com.fasterxml.jackson.databind.ser.BeanSerializerFactory,BRANCH,0.5460122699386503,163,89
com.fasterxml.jackson.databind.ser.std.BeanSerializerBase,BRANCH,0.13452914798206278,223,30
com.fasterxml.jackson.databind.ser.std.StdDelegatingSerializer,BRANCH,0.9333333333333333,45,42
com.fasterxml.jackson.databind.ser.std.StdSerializer,BRANCH,0.6619718309859155,71,47
com.fasterxml.jackson.databind.introspect.AnnotationMap,BRANCH,1.0,38,38
com.fasterxml.jackson.databind.ObjectMapper,BRANCH,0.7253333333333334,375,272
com.fasterxml.jackson.databind.MappingIterator,BRANCH,0.9367088607594937,79,72
com.fasterxml.jackson.databind.type.TypeFactory,BRANCH,0.8060836501901141,263,196
com.fasterxml.jackson.databind.node.ObjectNode,BRANCH,1.0,119,119
com.fasterxml.jackson.databind.introspect.JacksonAnnotationIntrospector,BRANCH,0.36594202898550726,276,101
com.fasterxml.jackson.databind.ser.BasicSerializerFactory,BRANCH,0.2271062271062271,273,62
com.fasterxml.jackson.databind.ser.BeanSerializerFactory,BRANCH,0.5828571428571429,175,102
com.fasterxml.jackson.databind.ser.std.NumberSerializers,BRANCH,0.8043478260869565,46,36
com.fasterxml.jackson.databind.cfg.BaseSettings,BRANCH,0.0,39,0
com.fasterxml.jackson.databind.deser.BasicDeserializerFactory,BRANCH,0.09577922077922078,616,59
com.fasterxml.jackson.databind.deser.DeserializerCache,BRANCH,0.6390977443609023,133,85
com.fasterxml.jackson.databind.jsontype.impl.TypeDeserializerBase,BRANCH,0.5263157894736842,38,20
com.fasterxml.jackson.databind.module.SimpleAbstractTypeResolver,BRANCH,1.0,10,10
com.fasterxml.jackson.databind.ser.BeanPropertyWriter,BRANCH,0.6588235294117647,170,112
com.fasterxml.jackson.databind.deser.BeanDeserializer,BRANCH,0.0,245,1
com.fasterxml.jackson.databind.deser.std.JsonNodeDeserializer,BRANCH,0.72,25,18
com.fasterxml.jackson.databind.deser.impl.ExternalTypeHandler,BRANCH,0.15789473684210525,76,12
com.fasterxml.jackson.databind.ObjectMapper,BRANCH,0.7121588089330024,403,287
com.fasterxml.jackson.databind.util.TokenBuffer,BRANCH,0.7489177489177489,462,346
com.fasterxml.jackson.databind.util.TokenBuffer,BRANCH,0.7553191489361702,470,357
com.fasterxml.jackson.databind.deser.std.UntypedObjectDeserializer,BRANCH,0.7511520737327189,217,157
com.fasterxml.jackson.databind.introspect.JacksonAnnotationIntrospector,BRANCH,0.37216828478964403,309,115
com.fasterxml.jackson.databind.ser.std.NumberSerializer,BRANCH,1.0,24,24
com.fasterxml.jackson.databind.jsontype.impl.AsWrapperTypeDeserializer,BRANCH,0.48,25,12
com.fasterxml.jackson.databind.util.StdDateFormat,BRANCH,0.9872611464968153,157,147
com.fasterxml.jackson.databind.type.SimpleType,BRANCH,0.9777777777777777,45,44
com.fasterxml.jackson.databind.type.CollectionType,BRANCH,0.9411764705882353,17,16
com.fasterxml.jackson.databind.type.MapType,BRANCH,0.9523809523809523,21,20
com.fasterxml.jackson.databind.type.SimpleType,BRANCH,0.9795918367346939,49,48
com.fasterxml.jackson.databind.deser.std.NullifyingDeserializer,BRANCH,0.42105263157894735,19,8
com.fasterxml.jackson.databind.deser.std.NumberDeserializers,BRANCH,0.5414634146341464,205,111
com.fasterxml.jackson.databind.type.TypeFactory,BRANCH,0.8505747126436781,261,219
com.fasterxml.jackson.databind.deser.std.FromStringDeserializer,BRANCH,0.7575757575757576,99,75
com.fasterxml.jackson.databind.deser.impl.ObjectIdValueProperty,BRANCH,0.8666666666666667,15,13
com.fasterxml.jackson.databind.type.SimpleType,BRANCH,0.9841269841269841,63,62
com.fasterxml.jackson.databind.ser.std.DateTimeSerializerBase,BRANCH,0.575,40,23
com.fasterxml.jackson.databind.type.ReferenceType,BRANCH,1.0,33,33
com.fasterxml.jackson.databind.AnnotationIntrospector,BRANCH,0.7734375,128,99
com.fasterxml.jackson.databind.DeserializationConfig,BRANCH,0.9230769230769231,156,144
com.fasterxml.jackson.databind.SerializationConfig,BRANCH,0.9151515151515152,165,151
com.fasterxml.jackson.databind.ser.impl.WritableObjectId,BRANCH,0.8666666666666667,15,13
com.fasterxml.jackson.databind.deser.BeanDeserializer,BRANCH,0.035842293906810034,279,10
com.fasterxml.jackson.databind.jsontype.impl.TypeDeserializerBase,BRANCH,0.5714285714285714,42,24
com.fasterxml.jackson.databind.deser.BeanDeserializerBase,BRANCH,0.24120603015075376,398,96
com.fasterxml.jackson.databind.deser.impl.ExternalTypeHandler,BRANCH,0.13095238095238096,84,11
com.fasterxml.jackson.databind.type.TypeBindings,BRANCH,0.9139072847682119,151,137
com.fasterxml.jackson.databind.type.TypeFactory,BRANCH,0.8188679245283019,265,217
com.fasterxml.jackson.databind.ser.PropertyBuilder,BRANCH,0.013157894736842105,76,1
com.fasterxml.jackson.databind.ser.std.StdKeySerializers,BRANCH,0.9444444444444444,54,51
com.fasterxml.jackson.databind.deser.std.FromStringDeserializer,BRANCH,0.7619047619047619,105,80
com.fasterxml.jackson.databind.ObjectReader,BRANCH,0.6949152542372882,236,164
com.fasterxml.jackson.databind.deser.BeanDeserializerFactory,BRANCH,0.424390243902439,205,87
com.fasterxml.jackson.databind.JavaType,BRANCH,1.0,55,55
com.fasterxml.jackson.databind.type.CollectionLikeType,BRANCH,0.9791666666666666,48,47
com.fasterxml.jackson.databind.type.MapLikeType,BRANCH,0.967741935483871,62,60
com.fasterxml.jackson.databind.type.TypeFactory,BRANCH,0.8088235294117647,272,218
com.fasterxml.jackson.databind.ser.std.JsonValueSerializer,BRANCH,0.2268041237113402,97,21
com.fasterxml.jackson.databind.ObjectMapper,BRANCH,0.6544117647058824,408,267
com.fasterxml.jackson.databind.jsontype.impl.StdTypeResolverBuilder,BRANCH,0.9565217391304348,69,66
com.fasterxml.jackson.databind.deser.std.CollectionDeserializer,BRANCH,0.7126436781609196,87,62
com.fasterxml.jackson.databind.JsonMappingException,BRANCH,0.9135802469135802,81,74
com.fasterxml.jackson.databind.ser.PropertyBuilder,BRANCH,0.0,81,0
com.fasterxml.jackson.databind.deser.std.StdKeyDeserializer,BRANCH,0.8650793650793651,126,109
com.fasterxml.jackson.databind.introspect.BasicBeanDescription,BRANCH,0.4594594594594595,185,85
com.fasterxml.jackson.databind.deser.std.StdKeyDeserializer,BRANCH,0.8333333333333334,126,105
com.fasterxml.jackson.databind.deser.BasicDeserializerFactory,BRANCH,0.22953451043338685,623,143
com.fasterxml.jackson.databind.deser.BeanDeserializerBase,BRANCH,0.235,400,92
com.fasterxml.jackson.databind.deser.impl.CreatorCollector,BRANCH,0.41904761904761906,105,44
com.fasterxml.jackson.databind.deser.impl.BeanPropertyMap,BRANCH,0.8859060402684564,149,131
com.fasterxml.jackson.databind.deser.std.StdKeyDeserializer,BRANCH,0.875,128,112
com.fasterxml.jackson.databind.deser.impl.InnerClassProperty,BRANCH,0.7916666666666666,24,19
com.fasterxml.jackson.databind.introspect.POJOPropertiesCollector,BRANCH,0.0,367,0
com.fasterxml.jackson.databind.introspect.POJOPropertyBuilder,BRANCH,0.11961722488038277,418,50
com.fasterxml.jackson.databind.jsontype.impl.AsPropertyTypeDeserializer,BRANCH,0.30952380952380953,42,13
com.fasterxml.jackson.databind.ser.std.EnumSerializer,BRANCH,0.3888888888888889,54,21
com.fasterxml.jackson.databind.deser.BuilderBasedDeserializer,BRANCH,0.01015228426395939,197,2
com.fasterxml.jackson.databind.deser.BeanDeserializerFactory,BRANCH,0.4881516587677725,211,103
com.fasterxml.jackson.databind.deser.BeanDeserializerFactory,BRANCH,0.5205479452054794,219,114
com.fasterxml.jackson.databind.introspect.JacksonAnnotationIntrospector,BRANCH,0.3659217877094972,358,129
com.fasterxml.jackson.databind.introspect.ObjectIdInfo,BRANCH,1.0,18,18
com.fasterxml.jackson.databind.ser.std.BeanSerializerBase,BRANCH,0.36324786324786323,234,85
com.fasterxml.jackson.databind.jsontype.impl.StdSubtypeResolver,BRANCH,0.19540229885057472,87,17
com.fasterxml.jackson.databind.introspect.JacksonAnnotationIntrospector,BRANCH,0.3669064748201439,417,151
com.fasterxml.jackson.databind.deser.BeanDeserializerFactory,BRANCH,0.502283105022831,219,110
com.fasterxml.jackson.databind.deser.std.FromStringDeserializer,BRANCH,0.8380952380952381,105,88
com.fasterxml.jackson.databind.type.ResolvedRecursiveType,BRANCH,1.0,29,29
com.fasterxml.jackson.databind.ser.std.DateTimeSerializerBase,BRANCH,0.5178571428571429,56,29
com.fasterxml.jackson.databind.type.ResolvedRecursiveType,BRANCH,1.0,29,29
com.fasterxml.jackson.databind.util.StdDateFormat,BRANCH,0.9875,160,148
com.fasterxml.jackson.databind.jsontype.impl.ClassNameIdResolver,BRANCH,0.7142857142857143,35,25
com.fasterxml.jackson.databind.deser.BeanDeserializerFactory,BRANCH,0.4931506849315068,219,108
com.fasterxml.jackson.databind.deser.ValueInstantiator,BRANCH,0.703125,64,45
com.fasterxml.jackson.databind.deser.std.StdValueInstantiator,BRANCH,0.7117117117117117,111,79
com.fasterxml.jackson.databind.deser.DeserializerCache,BRANCH,0.6962962962962963,135,94
com.fasterxml.jackson.databind.deser.BeanDeserializerFactory,BRANCH,0.5118483412322274,211,106
com.fasterxml.jackson.databind.jsontype.impl.SubTypeValidator,BRANCH,0.3888888888888889,18,7
com.fasterxml.jackson.databind.jsontype.impl.SubTypeValidator,BRANCH,0.45454545454545453,22,8
com.fasterxml.jackson.databind.type.TypeFactory,BRANCH,0.8055555555555556,288,229
com.fasterxml.jackson.databind.type.TypeParser,BRANCH,1.0,32,32
com.fasterxml.jackson.databind.deser.BasicDeserializerFactory,BRANCH,0.34858044164037855,634,221
com.fasterxml.jackson.databind.node.POJONode,BRANCH,0.9487179487179487,39,37
com.fasterxml.jackson.databind.deser.impl.ExternalTypeHandler,BRANCH,0.11320754716981132,106,12
com.fasterxml.jackson.databind.type.ReferenceType,BRANCH,1.0,42,42
com.fasterxml.jackson.databind.node.TreeTraversingParser,BRANCH,0.9230769230769231,104,96
com.fasterxml.jackson.databind.deser.BeanDeserializer,BRANCH,0.1541095890410959,292,45
com.fasterxml.jackson.databind.ser.std.DateTimeSerializerBase,BRANCH,0.46153846153846156,52,24
com.fasterxml.jackson.databind.DatabindContext,BRANCH,0.5625,48,27
com.fasterxml.jackson.databind.DeserializationContext,BRANCH,0.44878048780487806,205,92
com.fasterxml.jackson.databind.JsonMappingException,BRANCH,0.9012345679012346,81,73
com.fasterxml.jackson.databind.SerializerProvider,BRANCH,0.6424242424242425,165,106
com.fasterxml.jackson.databind.deser.BasicDeserializerFactory,BRANCH,0.012618296529968454,634,8
com.fasterxml.jackson.databind.deser.BeanDeserializerFactory,BRANCH,0.15207373271889402,217,33
com.fasterxml.jackson.databind.deser.DeserializerCache,BRANCH,0.5107913669064749,139,71
com.fasterxml.jackson.databind.deser.SettableAnyProperty,BRANCH,0.3333333333333333,33,11
com.fasterxml.jackson.databind.deser.SettableBeanProperty,BRANCH,0.4716981132075472,106,50
com.fasterxml.jackson.databind.deser.std.StdDeserializer,BRANCH,0.08854166666666667,384,34
com.fasterxml.jackson.databind.deser.std.StdKeyDeserializer,BRANCH,0.7333333333333333,135,99
com.fasterxml.jackson.databind.deser.std.StdValueInstantiator,BRANCH,0.6238532110091743,109,68
com.fasterxml.jackson.databind.introspect.BasicBeanDescription,BRANCH,0.29441624365482233,197,52
com.fasterxml.jackson.databind.ser.DefaultSerializerProvider,BRANCH,0.3046875,128,39
com.fasterxml.jackson.databind.ser.PropertyBuilder,BRANCH,0.0,80,0
com.fasterxml.jackson.databind.util.ClassUtil,BRANCH,0.6687898089171974,314,208
com.fasterxml.jackson.databind.util.StdDateFormat,BRANCH,0.8376623376623377,154,117
com.fasterxml.jackson.databind.deser.std.JdkDeserializers,BRANCH,0.9333333333333333,15,14
com.fasterxml.jackson.databind.node.TreeTraversingParser,BRANCH,0.9150943396226415,106,97
com.fasterxml.jackson.databind.jsontype.impl.TypeDeserializerBase,BRANCH,0.5952380952380952,42,25
com.fasterxml.jackson.databind.ObjectReader,BRANCH,0.6713780918727915,283,190
com.fasterxml.jackson.databind.ser.std.NumberSerializer,BRANCH,0.8863636363636364,44,39
com.fasterxml.jackson.databind.ser.std.NumberSerializers,BRANCH,0.8181818181818182,33,26
com.fasterxml.jackson.databind.deser.impl.JavaUtilCollectionsDeserializers,BRANCH,0.2,40,8
com.fasterxml.jackson.databind.deser.CreatorProperty,BRANCH,0.9354838709677419,31,29
com.fasterxml.jackson.databind.deser.impl.FieldProperty,BRANCH,0.02631578947368421,38,1
com.fasterxml.jackson.databind.deser.impl.MethodProperty,BRANCH,0.05,40,2
com.fasterxml.jackson.databind.deser.impl.ObjectIdReferenceProperty,BRANCH,0.19230769230769232,26,5
com.fasterxml.jackson.databind.deser.impl.ObjectIdValueProperty,BRANCH,0.8947368421052632,19,17
com.fasterxml.jackson.databind.deser.impl.SetterlessProperty,BRANCH,0.09523809523809523,21,2
com.fasterxml.jackson.databind.deser.std.AtomicReferenceDeserializer,BRANCH,1.0,8,8
com.fasterxml.jackson.databind.deser.std.StringCollectionDeserializer,BRANCH,0.5846153846153846,65,38
com.fasterxml.jackson.dataformat.xml.deser.FromXmlParser,BRANCH,0.0091324200913242,219,2
com.fasterxml.jackson.dataformat.xml.deser.XmlTokenStream,BRANCH,0.007142857142857143,140,1
com.fasterxml.jackson.dataformat.xml.deser.FromXmlParser,BRANCH,0.00904977375565611,221,2
com.fasterxml.jackson.dataformat.xml.ser.XmlSerializerProvider,BRANCH,0.46875,64,30
com.fasterxml.jackson.dataformat.xml.ser.XmlSerializerProvider,BRANCH,0.8148148148148148,54,44
com.fasterxml.jackson.dataformat.xml.ser.ToXmlGenerator,BRANCH,0.7814814814814814,270,210
org.jsoup.nodes.Document,BRANCH,1.0,26,26
org.jsoup.parser.Parser,BRANCH,0.9239130434782609,92,85
org.jsoup.nodes.Element,BRANCH,0.8280254777070064,157,130
org.jsoup.parser.Parser,BRANCH,0.7731958762886598,97,75
org.jsoup.parser.Tag,BRANCH,0.8688524590163934,122,106
org.jsoup.nodes.Entities,BRANCH,0.9285714285714286,28,26
org.jsoup.parser.Parser,BRANCH,0.88,100,87
org.jsoup.nodes.Entities,BRANCH,0.8928571428571429,28,25
org.jsoup.nodes.Document,BRANCH,1.0,55,55
org.jsoup.nodes.Node,BRANCH,0.9848484848484849,66,65
org.jsoup.nodes.Entities,BRANCH,0.9259259259259259,27,25
org.jsoup.nodes.Node,BRANCH,0.96,75,72
org.jsoup.select.Selector,BRANCH,0.7986111111111112,144,115
org.jsoup.select.Selector,BRANCH,0.75,152,114
org.jsoup.nodes.Node,BRANCH,0.9387755102040817,98,92
org.jsoup.parser.Tokeniser,BRANCH,0.9318181818181818,88,82
org.jsoup.parser.TokeniserState,BRANCH,0.0,850,0
org.jsoup.parser.TreeBuilderState,BRANCH,0.0,814,0
org.jsoup.nodes.DocumentType,BRANCH,1.0,7,7
org.jsoup.parser.TreeBuilderState,BRANCH,0.0,814,0
org.jsoup.parser.CharacterReader,BRANCH,1.0,93,93
org.jsoup.safety.Whitelist,BRANCH,0.945054945054945,91,86
org.jsoup.helper.DataUtil,BRANCH,0.5714285714285714,28,16
org.jsoup.select.CombiningEvaluator,BRANCH,1.0,18,18
org.jsoup.select.QueryParser,BRANCH,0.9791666666666666,96,94
org.jsoup.nodes.Element,BRANCH,0.945273631840796,201,190
org.jsoup.nodes.Node,BRANCH,0.9279279279279279,111,103
org.jsoup.select.Elements,BRANCH,1.0,116,116
org.jsoup.parser.CharacterReader,BRANCH,1.0,109,109
org.jsoup.parser.Tokeniser,BRANCH,0.9069767441860465,86,78
org.jsoup.parser.TokeniserState,BRANCH,0.0,843,0
org.jsoup.parser.Tag,BRANCH,0.9322033898305084,59,55
org.jsoup.safety.Cleaner,BRANCH,0.4444444444444444,18,8
org.jsoup.helper.DataUtil,BRANCH,0.5,32,16
org.jsoup.nodes.Entities,BRANCH,0.5925925925925926,27,16
org.jsoup.parser.Parser,BRANCH,1.0,17,17
org.jsoup.parser.Tokeniser,BRANCH,0.8602150537634409,93,80
org.jsoup.nodes.Document,BRANCH,1.0,60,60
org.jsoup.safety.Cleaner,BRANCH,0.9565217391304348,23,22
org.jsoup.parser.Token,BRANCH,1.0,65,65
org.jsoup.parser.TokeniserState,BRANCH,0.0,889,0
org.jsoup.parser.XmlTreeBuilder,BRANCH,0.9512195121951219,41,39
org.jsoup.nodes.Element,BRANCH,0.9855072463768116,207,204
org.jsoup.parser.HtmlTreeBuilder,BRANCH,0.9676113360323887,247,238
org.jsoup.parser.CharacterReader,BRANCH,1.0,141,141
org.jsoup.parser.HtmlTreeBuilderState,BRANCH,0.0,816,0
org.jsoup.helper.DataUtil,BRANCH,0.5686274509803921,51,29
org.jsoup.nodes.Element,BRANCH,0.9819819819819819,222,218
org.jsoup.parser.HtmlTreeBuilderState,BRANCH,0.0,818,0
org.jsoup.helper.DataUtil,BRANCH,0.5686274509803921,51,29
org.jsoup.nodes.DocumentType,BRANCH,1.0,9,9
org.jsoup.nodes.Element,BRANCH,0.9626556016597511,241,232
org.jsoup.nodes.FormElement,BRANCH,0.71875,32,23
org.jsoup.nodes.Element,BRANCH,0.9713114754098361,244,237
org.jsoup.parser.TreeBuilder,BRANCH,1.0,14,14
org.jsoup.parser.HtmlTreeBuilder,BRANCH,0.968,250,222
org.jsoup.nodes.Entities,BRANCH,0.6712328767123288,73,49
org.jsoup.nodes.Entities,BRANCH,0.8666666666666667,75,65
org.jsoup.helper.HttpConnection,BRANCH,0.6666666666666666,258,172
org.jsoup.nodes.Node,BRANCH,0.9402985074626866,134,126
org.jsoup.helper.DataUtil,BRANCH,0.5903614457831325,83,49
org.jsoup.parser.CharacterReader,BRANCH,0.9644670050761421,197,190
org.jsoup.helper.DataUtil,BRANCH,0.6404494382022472,89,57
org.jsoup.nodes.XmlDeclaration,BRANCH,1.0,10,10
org.jsoup.parser.XmlTreeBuilder,BRANCH,0.9285714285714286,42,39
org.jsoup.parser.TokenQueue,BRANCH,0.9922480620155039,129,119
org.jsoup.helper.W3CDom,BRANCH,1.0,32,32
org.jsoup.parser.TokeniserState,BRANCH,0.0,827,0
org.jsoup.nodes.DocumentType,BRANCH,1.0,22,22
org.jsoup.parser.HtmlTreeBuilderState,BRANCH,0.0,824,0
org.jsoup.parser.Token,BRANCH,1.0,84,84
org.jsoup.parser.TokeniserState,BRANCH,0.0,827,0
org.jsoup.parser.XmlTreeBuilder,BRANCH,0.8863636363636364,44,39
org.jsoup.nodes.Attributes,BRANCH,0.8488372093023255,86,73
org.jsoup.Jsoup,BRANCH,1.0,15,15
org.jsoup.parser.Parser,BRANCH,1.0,23,23
org.jsoup.safety.Cleaner,BRANCH,0.7878787878787878,33,26
org.jsoup.parser.Token,BRANCH,1.0,86,86
org.jsoup.parser.TokenQueue,BRANCH,0.9923664122137404,131,127
org.jsoup.select.QueryParser,BRANCH,0.8940397350993378,151,135
org.jsoup.nodes.Element,BRANCH,0.9767441860465116,258,252
org.jsoup.parser.HtmlTreeBuilderState,BRANCH,0.0,824,0
org.jsoup.parser.HtmlTreeBuilder,BRANCH,0.9518072289156626,249,237
org.jsoup.parser.Tokeniser,BRANCH,0.9150943396226415,106,97
org.jsoup.parser.HtmlTreeBuilderState,BRANCH,0.0,874,0
org.jsoup.parser.HtmlTreeBuilder,BRANCH,0.9477911646586346,249,236
org.jsoup.parser.HtmlTreeBuilderState,BRANCH,0.0,878,0
org.jsoup.nodes.Element,BRANCH,0.9790940766550522,287,280
org.jsoup.parser.HtmlTreeBuilder,BRANCH,0.9482071713147411,251,238
org.jsoup.parser.HtmlTreeBuilder,BRANCH,0.9322709163346613,251,234
org.jsoup.nodes.FormElement,BRANCH,0.875,32,28
org.jsoup.nodes.Element,BRANCH,0.9312714776632303,291,271
org.jsoup.nodes.PseudoTextElement,BRANCH,1.0,3,3
org.jsoup.select.Evaluator,BRANCH,0.9796954314720813,197,193
org.jsoup.select.QueryParser,BRANCH,0.9019607843137255,153,138
org.jsoup.parser.CharacterReader,BRANCH,0.9523809523809523,210,200
org.jsoup.helper.W3CDom,BRANCH,0.96875,32,31
org.jsoup.helper.StringUtil,BRANCH,0.978494623655914,93,89
org.jsoup.nodes.Attributes,BRANCH,0.8350515463917526,97,81
org.jsoup.parser.HtmlTreeBuilderState,BRANCH,0.0011376564277588168,879,1
org.jsoup.parser.XmlTreeBuilder,BRANCH,0.9565217391304348,46,44
org.jsoup.helper.DataUtil,BRANCH,0.6458333333333334,96,62
org.jsoup.nodes.LeafNode,BRANCH,1.0,25,25
org.jsoup.parser.XmlTreeBuilder,BRANCH,0.9375,48,45
org.jsoup.helper.DataUtil,BRANCH,0.4716981132075472,106,50
org.jsoup.helper.DataUtil,BRANCH,0.5631067961165048,103,58
org.jsoup.parser.CharacterReader,BRANCH,0.9490740740740741,216,204
org.jsoup.parser.TokeniserState,BRANCH,0.0,832,0
org.jsoup.helper.W3CDom,BRANCH,0.9722222222222222,36,35
org.jsoup.nodes.Attribute,BRANCH,0.9180327868852459,61,56
org.jsoup.nodes.Comment,BRANCH,1.0,16,16
org.jsoup.nodes.Element,BRANCH,0.8996763754045307,309,278
org.jsoup.parser.HtmlTreeBuilder,BRANCH,0.9007936507936508,252,226
org.jsoup.parser.HtmlTreeBuilderState,BRANCH,0.001141552511415525,876,1
org.jsoup.parser.Tag,BRANCH,0.8695652173913043,69,59
org.jsoup.nodes.Attribute,BRANCH,0.9180327868852459,61,56
org.jsoup.nodes.Attribute,BRANCH,0.9344262295081968,61,57
org.jsoup.helper.HttpConnection,BRANCH,0.7116564417177914,326,232
org.jsoup.UncheckedIOException,BRANCH,1.0,3,3
org.jsoup.parser.CharacterReader,BRANCH,0.9434782608695652,230,217
org.jsoup.nodes.Attributes,BRANCH,0.8695652173913043,115,100
org.jsoup.parser.HtmlTreeBuilder,BRANCH,0.9147286821705426,258,236
org.jsoup.parser.ParseSettings,BRANCH,1.0,9,8
org.jsoup.parser.Token,BRANCH,1.0,89,89
org.jsoup.parser.XmlTreeBuilder,BRANCH,0.9333333333333333,45,42
org.jsoup.nodes.FormElement,BRANCH,0.6470588235294118,34,22
org.apache.commons.jxpath.ri.model.dom.DOMNodePointer,BRANCH,0.7928802588996764,309,244
org.apache.commons.jxpath.ri.model.jdom.JDOMNodePointer,BRANCH,0.7363344051446945,311,229
org.apache.commons.jxpath.ri.compiler.Expression,BRANCH,0.9130434782608695,23,21
org.apache.commons.jxpath.ri.model.beans.NullPropertyPointer,BRANCH,0.9622641509433962,53,51
org.apache.commons.jxpath.ri.model.dom.DOMNodePointer,BRANCH,0.7770491803278688,305,237
org.apache.commons.jxpath.ri.model.jdom.JDOMNodePointer,BRANCH,0.7165605095541401,314,225
org.apache.commons.jxpath.ri.model.NodePointer,BRANCH,0.8924050632911392,158,141
org.apache.commons.jxpath.ri.compiler.CoreOperationCompare,BRANCH,0.9104477611940298,67,61
org.apache.commons.jxpath.ri.compiler.CoreOperationGreaterThan,BRANCH,1.0,4,4
org.apache.commons.jxpath.ri.compiler.CoreOperationGreaterThanOrEqual,BRANCH,1.0,4,4
org.apache.commons.jxpath.ri.compiler.CoreOperationLessThan,BRANCH,1.0,4,4
org.apache.commons.jxpath.ri.compiler.CoreOperationLessThanOrEqual,BRANCH,1.0,4,4
org.apache.commons.jxpath.ri.compiler.CoreOperationRelationalExpression,BRANCH,0.9428571428571428,35,33
org.apache.commons.jxpath.ri.compiler.CoreOperationRelationalExpression,BRANCH,0.9487179487179487,39,37
org.apache.commons.jxpath.ri.compiler.CoreOperationCompare,BRANCH,0.9411764705882353,68,64
org.apache.commons.jxpath.ri.compiler.CoreOperationEqual,BRANCH,1.0,2,2
org.apache.commons.jxpath.ri.compiler.CoreOperationNotEqual,BRANCH,1.0,2,2
org.apache.commons.jxpath.ri.compiler.CoreOperationRelationalExpression,BRANCH,0.9487179487179487,39,37
org.apache.commons.jxpath.ri.model.dom.DOMAttributeIterator,BRANCH,0.9152542372881356,59,54
org.apache.commons.jxpath.ri.model.jdom.JDOMAttributeIterator,BRANCH,0.972972972972973,37,36
org.apache.commons.jxpath.ri.model.dom.DOMNodePointer,BRANCH,0.8102893890675241,311,250
org.apache.commons.jxpath.ri.NamespaceResolver,BRANCH,0.8372093023255814,43,36
org.apache.commons.jxpath.ri.model.dom.DOMNodePointer,BRANCH,0.8126984126984127,315,253
org.apache.commons.jxpath.ri.compiler.CoreFunction,BRANCH,0.9065934065934066,364,330
org.apache.commons.jxpath.ri.axes.UnionContext,BRANCH,1.0,17,17
org.apache.commons.jxpath.ri.model.dom.DOMNodePointer,BRANCH,0.8018575851393189,323,259
org.apache.commons.jxpath.ri.model.jdom.JDOMNodePointer,BRANCH,0.690625,320,221
org.apache.commons.jxpath.ri.model.dom.DOMAttributeIterator,BRANCH,0.9090909090909091,55,50
org.apache.commons.jxpath.ri.model.jdom.JDOMAttributeIterator,BRANCH,1.0,33,33
org.apache.commons.jxpath.ri.axes.AttributeContext,BRANCH,1.0,23,23
org.apache.commons.jxpath.ri.model.dom.DOMNodePointer,BRANCH,0.8038585209003215,311,249
org.apache.commons.jxpath.ri.model.jdom.JDOMNodePointer,BRANCH,0.715625,320,229
org.apache.commons.jxpath.ri.compiler.CoreOperationRelationalExpression,BRANCH,0.9534883720930233,43,41
org.apache.commons.jxpath.ri.model.beans.PropertyPointer,BRANCH,0.6833333333333333,60,41
org.apache.commons.jxpath.ri.model.dom.DOMNodePointer,BRANCH,0.8019169329073482,313,249
org.apache.commons.lang3.math.NumberUtils,BRANCH,0.9622641509433962,371,357
org.apache.commons.lang3.math.NumberUtils,BRANCH,0.9665738161559888,359,347
org.apache.commons.lang3.text.translate.LookupTranslator,BRANCH,1.0,14,14
org.apache.commons.lang3.LocaleUtils,BRANCH,1.0,79,63
org.apache.commons.lang3.text.translate.CharSequenceTranslator,BRANCH,1.0,15,15
org.apache.commons.lang3.math.NumberUtils,BRANCH,0.9741602067183462,387,377
org.apache.commons.lang3.time.FastDatePrinter,BRANCH,0.8333333333333334,354,293
org.apache.commons.lang3.time.FastDateParser,BRANCH,0.7960339943342776,353,268
org.apache.commons.lang3.time.FastDateParser,BRANCH,0.792022792022792,351,265
org.apache.commons.lang3.RandomStringUtils,BRANCH,0.9846153846153847,65,64
org.apache.commons.lang3.RandomStringUtils,BRANCH,1.0,63,63
org.apache.commons.lang3.SerializationUtils,BRANCH,0.68,25,17
org.apache.commons.lang3.StringUtils,BRANCH,0.9569256756756757,1184,1133
org.apache.commons.lang3.reflect.TypeUtils,BRANCH,0.43537414965986393,294,128
org.apache.commons.lang3.math.NumberUtils,BRANCH,0.9712793733681462,383,372
org.apache.commons.lang3.text.translate.CharSequenceTranslator,BRANCH,1.0,15,15
org.apache.commons.lang3.time.FastDateFormat,BRANCH,0.8663101604278075,374,308
org.apache.commons.lang3.text.translate.NumericEntityUnescaper,BRANCH,1.0,39,39
org.apache.commons.lang3.StringUtils,BRANCH,0.9611158072696534,1183,1137
org.apache.commons.lang3.time.DateUtils,BRANCH,0.9681528662420382,314,302
org.apache.commons.lang3.math.Fraction,BRANCH,0.9368932038834952,206,189
org.apache.commons.lang3.text.ExtendedMessageFormat,BRANCH,0.6323529411764706,136,86
org.apache.commons.lang3.math.NumberUtils,BRANCH,0.9709762532981531,379,368
org.apache.commons.lang3.text.translate.EntityArrays,BRANCH,1.0,13,13
org.apache.commons.lang3.time.FastDateFormat,BRANCH,0.8581081081081081,444,374
org.apache.commons.lang3.math.NumberUtils,BRANCH,0.9761273209549072,377,368
org.apache.commons.lang3.text.translate.NumericEntityUnescaper,BRANCH,1.0,17,17
org.apache.commons.lang3.SystemUtils,BRANCH,0.734375,64,47
org.apache.commons.lang3.StringUtils,BRANCH,0.9609236234458259,1126,1082
org.apache.commons.lang3.StringUtils,BRANCH,0.9789762340036563,1094,1068
org.apache.commons.lang3.builder.HashCodeBuilder,BRANCH,0.9327731092436975,119,101
org.apache.commons.lang3.ClassUtils,BRANCH,0.9437229437229437,231,218
org.apache.commons.lang3.builder.ToStringStyle,BRANCH,0.8422818791946308,298,238
org.apache.commons.lang3.ArrayUtils,BRANCH,0.9953216374269006,855,851
org.apache.commons.lang3.math.NumberUtils,BRANCH,0.9731903485254692,373,363
org.apache.commons.lang3.ArrayUtils,BRANCH,0.9953161592505855,854,850
org.apache.commons.lang3.time.FastDateFormat,BRANCH,0.8581081081081081,444,382
org.apache.commons.lang3.StringUtils,BRANCH,0.985632183908046,1044,1027
org.apache.commons.lang.StringUtils,BRANCH,0.9806949806949807,1036,1014
org.apache.commons.lang.ClassUtils,BRANCH,0.9432314410480349,229,216
org.apache.commons.lang.Entities,BRANCH,0.9032258064516129,93,81
org.apache.commons.lang.text.ExtendedMessageFormat,BRANCH,0.6747967479674797,123,83
org.apache.commons.lang.NumberUtils,BRANCH,0.9456066945606695,239,226
org.apache.commons.lang.WordUtils,BRANCH,0.990909090909091,110,109
org.apache.commons.lang.StringEscapeUtils,BRANCH,0.9357142857142857,140,123
org.apache.commons.lang.text.StrBuilder,BRANCH,1.0,564,564
org.apache.commons.lang.builder.EqualsBuilder,BRANCH,0.9396551724137931,232,218
org.apache.commons.lang.math.Fraction,BRANCH,0.9646464646464646,198,188
org.apache.commons.lang.time.FastDateFormat,BRANCH,0.8581081081081081,444,378
org.apache.commons.lang.BooleanUtils,BRANCH,0.9820627802690582,223,219
org.apache.commons.lang.StringEscapeUtils,BRANCH,0.9224137931034483,116,100
org.apache.commons.lang.time.DateUtils,BRANCH,0.9854368932038835,206,203
org.apache.commons.lang.LocaleUtils,BRANCH,1.0,73,73
org.apache.commons.lang.time.StopWatch,BRANCH,0.96875,32,31
org.apache.commons.lang.time.FastDateFormat,BRANCH,0.859375,448,382
org.apache.commons.lang.LocaleUtils,BRANCH,1.0,71,71
org.apache.commons.lang.math.NumberUtils,BRANCH,0.9682539682539683,441,427
org.apache.commons.lang.text.StrBuilder,BRANCH,1.0,517,517
org.apache.commons.lang.text.StrBuilder,BRANCH,0.9980657640232108,517,515
org.apache.commons.lang.text.StrBuilder,BRANCH,1.0,517,515
org.apache.commons.lang.Entities,BRANCH,0.9658119658119658,117,103
org.apache.commons.lang.time.DurationFormatUtils,BRANCH,0.9225806451612903,155,143
org.apache.commons.lang.enums.ValuedEnum,BRANCH,0.11764705882352941,17,2
org.apache.commons.lang.time.DateUtils,BRANCH,0.9805825242718447,206,202
org.apache.commons.math3.fraction.BigFraction,BRANCH,0.9854014598540146,137,135
org.apache.commons.math3.fraction.Fraction,BRANCH,0.9830508474576272,118,116
org.apache.commons.math3.distribution.HypergeometricDistribution,BRANCH,1.0,38,38
org.apache.commons.math3.util.MathArrays,BRANCH,0.9922178988326849,257,255
org.apache.commons.math3.geometry.euclidean.threed.SubLine,BRANCH,1.0,18,18
org.apache.commons.math3.geometry.euclidean.twod.SubLine,BRANCH,1.0,39,39
org.apache.commons.math3.complex.Complex,BRANCH,0.994535519125683,183,178
org.apache.commons.math3.optim.BaseOptimizer,BRANCH,0.8823529411764706,17,14
org.apache.commons.math3.optim.nonlinear.scalar.gradient.NonLinearConjugateGradientOptimizer,BRANCH,0.2631578947368421,57,15
org.apache.commons.math3.optim.nonlinear.scalar.noderiv.CMAESOptimizer,BRANCH,0.109375,256,28
org.apache.commons.math3.optim.nonlinear.scalar.noderiv.PowellOptimizer,BRANCH,0.29545454545454547,44,13
org.apache.commons.math3.optim.nonlinear.scalar.noderiv.SimplexOptimizer,BRANCH,0.5333333333333333,30,16
org.apache.commons.math3.optim.nonlinear.vector.jacobian.GaussNewtonOptimizer,BRANCH,0.21428571428571427,28,6
org.apache.commons.math3.optim.nonlinear.vector.jacobian.LevenbergMarquardtOptimizer,BRANCH,0.03317535545023697,211,7
org.apache.commons.math3.ode.AbstractIntegrator,BRANCH,0.6410256410256411,78,50
org.apache.commons.math3.distribution.DiscreteDistribution,BRANCH,0.9615384615384616,26,25
org.apache.commons.math3.geometry.euclidean.threed.Line,BRANCH,1.0,27,27
org.apache.commons.math3.analysis.differentiation.DSCompiler,BRANCH,0.9864406779661017,295,273
org.apache.commons.math3.distribution.MultivariateNormalDistribution,BRANCH,1.0,31,31
org.apache.commons.math3.random.BitsStreamGenerator,BRANCH,1.0,20,20
org.apache.commons.math3.optimization.general.AbstractLeastSquaresOptimizer,BRANCH,0.0,39,0
org.apache.commons.math3.optim.nonlinear.vector.jacobian.AbstractLeastSquaresOptimizer,BRANCH,0.7391304347826086,23,17
org.apache.commons.math3.optim.nonlinear.vector.Weight,BRANCH,1.0,4,4
org.apache.commons.math3.util.FastMath,BRANCH,0.9602409638554217,830,797
org.apache.commons.math3.util.FastMath,BRANCH,0.9626506024096385,830,799
org.apache.commons.math3.dfp.Dfp,BRANCH,0.2059186189889026,811,167
org.apache.commons.math3.optimization.direct.CMAESOptimizer,BRANCH,0.8241379310344827,290,239
org.apache.commons.math3.optimization.direct.CMAESOptimizer,BRANCH,0.8310344827586207,290,239
org.apache.commons.math3.optimization.direct.CMAESOptimizer,BRANCH,0.8286713286713286,286,235
org.apache.commons.math3.linear.RectangularCholeskyDecomposition,BRANCH,1.0,30,30
org.apache.commons.math3.distribution.FDistribution,BRANCH,1.0,23,23
org.apache.commons.math3.distribution.UniformRealDistribution,BRANCH,1.0,22,22
org.apache.commons.math3.optimization.univariate.BrentOptimizer,BRANCH,0.9466666666666667,75,71
org.apache.commons.math3.optimization.univariate.BrentOptimizer,BRANCH,0.9466666666666667,75,71
org.apache.commons.math3.optimization.fitting.HarmonicFitter,BRANCH,0.9705882352941176,34,33
org.apache.commons.math3.fraction.Fraction,BRANCH,0.9824561403508771,114,112
org.apache.commons.math3.fraction.Fraction,BRANCH,0.9824561403508771,114,112
org.apache.commons.math3.optimization.linear.SimplexSolver,BRANCH,0.2222222222222222,54,12
org.apache.commons.math3.linear.OpenMapRealVector,BRANCH,1.0,171,171
org.apache.commons.math3.stat.inference.MannWhitneyUTest,BRANCH,1.0,15,15
org.apache.commons.math3.util.ContinuedFraction,BRANCH,0.0,20,0
org.apache.commons.math3.geometry.euclidean.twod.PolygonsSet,BRANCH,0.8947368421052632,95,85
org.apache.commons.math3.optimization.linear.SimplexTableau,BRANCH,0.9863013698630136,146,144
org.apache.commons.math3.genetics.ListPopulation,BRANCH,0.896551724137931,29,26
org.apache.commons.math3.genetics.ElitisticListPopulation,BRANCH,1.0,9,9
org.apache.commons.math.fraction.BigFraction,BRANCH,0.9923664122137404,131,130
org.apache.commons.math.complex.Complex,BRANCH,0.994535519125683,183,175
org.apache.commons.math.optimization.direct.BOBYQAOptimizer,BRANCH,0.08602150537634409,651,56
org.apache.commons.math.ode.nonstiff.EmbeddedRungeKuttaIntegrator,BRANCH,0.967741935483871,62,60
org.apache.commons.math.analysis.solvers.BracketingNthOrderBrentSolver,BRANCH,0.9868421052631579,76,75
org.apache.commons.math.stat.descriptive.moment.Variance,BRANCH,0.8983050847457628,59,53
org.apache.commons.math.optimization.linear.SimplexTableau,BRANCH,0.9794520547945206,146,143
org.apache.commons.math.stat.descriptive.SummaryStatistics,BRANCH,1.0,91,91
org.apache.commons.math.ode.AbstractIntegrator,BRANCH,0.8059701492537313,67,54
org.apache.commons.math.linear.OpenMapRealMatrix,BRANCH,1.0,32,32
org.apache.commons.math.complex.Complex,BRANCH,0.9936305732484076,157,152
org.apache.commons.math.complex.Complex,BRANCH,0.9937888198757764,161,155
org.apache.commons.math.analysis.solvers.BaseSecantSolver,BRANCH,0.9571428571428572,70,67
org.apache.commons.math.linear.OpenMapRealVector,BRANCH,1.0,182,182
org.apache.commons.math.analysis.solvers.BaseSecantSolver,BRANCH,0.9558823529411765,68,65
org.apache.commons.math.analysis.solvers.BaseSecantSolver,BRANCH,0.9571428571428572,70,67
org.apache.commons.math.geometry.euclidean.threed.Rotation,BRANCH,1.0,134,134
org.apache.commons.math.complex.Complex,BRANCH,0.9922480620155039,129,125
org.apache.commons.math.dfp.Dfp,BRANCH,0.21773142112125163,767,167
org.apache.commons.math.geometry.Vector3D,BRANCH,1.0,77,76
org.apache.commons.math.util.MultidimensionalCounter,BRANCH,1.0,41,41
org.apache.commons.math.stat.clustering.KMeansPlusPlusClusterer,BRANCH,0.921875,64,59
org.apache.commons.math.optimization.fitting.GaussianFitter,BRANCH,0.9402985074626866,67,63
org.apache.commons.math.util.FastMath,BRANCH,0.8856304985337243,682,604
org.apache.commons.math.distribution.NormalDistributionImpl,BRANCH,1.0,25,25
org.apache.commons.math.distribution.PoissonDistributionImpl,BRANCH,1.0,20,20
org.apache.commons.math.optimization.univariate.MultiStartUnivariateRealOptimizer,BRANCH,0.96,25,24
org.apache.commons.math.util.MathUtils,BRANCH,0.9869565217391304,460,454
org.apache.commons.math.optimization.general.LevenbergMarquardtOptimizer,BRANCH,0.02857142857142857,210,6
org.apache.commons.math.optimization.general.AbstractLeastSquaresOptimizer,BRANCH,0.9487179487179487,39,37
org.apache.commons.math.optimization.univariate.BrentOptimizer,BRANCH,1.0,57,57
org.apache.commons.math.optimization.MultiStartUnivariateRealOptimizer,BRANCH,0.9803921568627451,51,50
org.apache.commons.math.optimization.general.LevenbergMarquardtOptimizer,BRANCH,0.024390243902439025,205,5
org.apache.commons.math.stat.correlation.PearsonsCorrelation,BRANCH,1.0,36,36
org.apache.commons.math.analysis.solvers.BisectionSolver,BRANCH,1.0,11,11
org.apache.commons.math.ode.nonstiff.EmbeddedRungeKuttaIntegrator,BRANCH,0.5,66,33
org.apache.commons.math.ode.nonstiff.RungeKuttaIntegrator,BRANCH,0.926829268292683,41,38
org.apache.commons.math.analysis.solvers.BrentSolver,BRANCH,1.0,58,58
org.apache.commons.math.analysis.solvers.BrentSolver,BRANCH,1.0,58,58
org.apache.commons.math.ode.nonstiff.EmbeddedRungeKuttaIntegrator,BRANCH,0.5303030303030303,66,35
org.apache.commons.math.stat.Frequency,BRANCH,0.9452054794520548,73,69
org.apache.commons.math.linear.SingularValueDecompositionImpl,BRANCH,0.927536231884058,69,64
org.apache.commons.math.linear.ArrayRealVector,BRANCH,0.9863636363636363,220,217
org.apache.commons.math.linear.OpenMapRealVector,BRANCH,1.0,184,184
org.apache.commons.math.ode.events.EventState,BRANCH,0.8382352941176471,68,57
org.apache.commons.math.util.MathUtils,BRANCH,0.9945054945054945,364,362
org.apache.commons.math.linear.EigenDecompositionImpl,BRANCH,0.822429906542056,428,352
org.apache.commons.math.linear.EigenDecompositionImpl,BRANCH,0.8247663551401869,428,353
org.apache.commons.math.optimization.linear.SimplexSolver,BRANCH,0.9736842105263158,38,37
org.apache.commons.math.optimization.linear.SimplexTableau,BRANCH,0.9826086956521739,115,113
org.apache.commons.math.optimization.direct.MultiDirectional,BRANCH,1.0,16,16
org.apache.commons.math.analysis.solvers.UnivariateRealSolverUtils,BRANCH,1.0,26,26
org.apache.commons.math.linear.CholeskyDecompositionImpl,BRANCH,0.36923076923076925,65,24
org.apache.commons.math.optimization.linear.SimplexTableau,BRANCH,0.9818181818181818,110,108
org.apache.commons.math.optimization.linear.SimplexTableau,BRANCH,0.9814814814814815,108,106
org.apache.commons.math.stat.Frequency,BRANCH,1.0,55,55
org.apache.commons.math.stat.Frequency,BRANCH,1.0,54,54
org.apache.commons.math.fraction.Fraction,BRANCH,0.9902912621359223,103,100
org.apache.commons.math.util.MathUtils,BRANCH,0.9927272727272727,275,273
org.apache.commons.math.util.MathUtils,BRANCH,0.9918032786885246,244,242
org.apache.commons.math.util.MathUtils,BRANCH,0.9915966386554622,238,236
org.apache.commons.math.distribution.FDistributionImpl,BRANCH,1.0,17,17
org.apache.commons.math.complex.Complex,BRANCH,0.9722222222222222,108,102
org.apache.commons.math.analysis.BrentSolver,BRANCH,1.0,55,55
org.apache.commons.math.linear.BigMatrixImpl,BRANCH,0.9142857142857143,315,288
org.apache.commons.math.linear.RealMatrixImpl,BRANCH,0.8768656716417911,268,235
org.apache.commons.math.util.MathUtils,BRANCH,0.9966216216216216,296,295
org.apache.commons.math.estimation.AbstractEstimator,BRANCH,0.9285714285714286,28,26
org.apache.commons.math.complex.ComplexFormat,BRANCH,0.974025974025974,77,74
org.apache.commons.math.stat.inference.ChiSquareTestImpl,BRANCH,1.0,99,99
org.apache.commons.math.distribution.NormalDistributionImpl,BRANCH,0.8260869565217391,23,19
org.apache.commons.math.special.Gamma,BRANCH,1.0,45,45
org.apache.commons.math.stat.regression.SimpleRegression,BRANCH,1.0,33,33
org.apache.commons.math.fraction.ProperFractionFormat,BRANCH,0.9615384615384616,26,25
org.mockito.internal.invocation.InvocationMatcher,BRANCH,0.2028985507246377,69,14
org.mockito.internal.util.Timer,BRANCH,0.9,10,9
org.mockito.internal.invocation.InvocationMatcher,BRANCH,0.2,65,13
org.mockito.exceptions.Reporter,BRANCH,0.8571428571428571,91,78
org.mockito.internal.verification.VerificationOverTimeImpl,BRANCH,0.7777777777777778,18,14
org.mockito.Matchers,BRANCH,1.0,54,54
org.mockito.internal.util.reflection.GenericMetadataSupport,BRANCH,0.22727272727272727,110,25
org.mockito.internal.util.reflection.GenericMetadataSupport,BRANCH,0.22727272727272727,110,25
org.mockito.internal.stubbing.answers.CallsRealMethods,BRANCH,0.3333333333333333,3,1
org.mockito.internal.stubbing.defaultanswers.ReturnsDeepStubs,BRANCH,0.09523809523809523,21,2
org.mockito.internal.creation.DelegatingMethod,BRANCH,0.11764705882352941,17,2
org.mockito.internal.util.reflection.GenericMaster,BRANCH,0.1111111111111111,9,1
org.mockito.internal.MockHandler,BRANCH,0.9333333333333333,15,11
org.mockito.internal.MockHandler,BRANCH,0.9411764705882353,17,14
org.mockito.internal.MockitoCore,BRANCH,0.8857142857142857,35,30
org.mockito.internal.configuration.injection.FinalMockCandidateFilter,BRANCH,0.625,8,5
org.mockito.internal.MockitoCore,BRANCH,0.8857142857142857,35,30
org.mockito.Mockito,BRANCH,0.9666666666666667,30,29
org.mockito.internal.creation.MockSettingsImpl,BRANCH,1.0,21,21
org.mockito.internal.util.MockUtil,BRANCH,0.6538461538461539,26,17
org.mockito.internal.stubbing.defaultanswers.ReturnsEmptyValues,BRANCH,0.43902439024390244,41,18
org.mockito.internal.configuration.injection.filter.FinalMockCandidateFilter,BRANCH,0.625,8,5
org.mockito.internal.configuration.injection.filter.MockCandidateFilter,BRANCH,0.0,0,0
org.mockito.internal.configuration.injection.filter.NameBasedCandidateFilter,BRANCH,0.3157894736842105,19,6
org.mockito.internal.configuration.injection.filter.TypeBasedCandidateFilter,BRANCH,0.6,5,3
org.mockito.internal.configuration.injection.PropertyAndSetterInjection,BRANCH,0.125,16,2
org.mockito.internal.creation.bytebuddy.ByteBuddyMockMaker,BRANCH,0.5,14,7
org.mockito.internal.creation.instance.ConstructorInstantiator,BRANCH,1.0,15,15
org.mockito.internal.matchers.Equality,BRANCH,0.42857142857142855,28,12
org.mockito.internal.stubbing.defaultanswers.ReturnsDeepStubs,BRANCH,0.09090909090909091,22,2
org.mockito.internal.stubbing.defaultanswers.ReturnsEmptyValues,BRANCH,0.4358974358974359,39,17
org.mockito.internal.stubbing.defaultanswers.ReturnsDeepStubs,BRANCH,0.11764705882352941,17,2
org.mockito.internal.util.Primitives,BRANCH,1.0,7,7
org.mockito.internal.util.MockUtil,BRANCH,0.7037037037037037,27,19
org.mockito.internal.configuration.DefaultInjectionEngine,BRANCH,0.3076923076923077,13,4
org.mockito.internal.matchers.Same,BRANCH,1.0,9,9
org.mockito.exceptions.Reporter,BRANCH,0.9655172413793104,58,55
org.mockito.internal.stubbing.defaultanswers.ReturnsSmartNulls,BRANCH,0.125,8,1
org.mockito.internal.stubbing.defaultanswers.ReturnsSmartNulls,BRANCH,0.125,8,1
org.mockito.internal.configuration.SpyAnnotationEngine,BRANCH,0.5,14,7
org.mockito.internal.invocation.InvocationMatcher,BRANCH,0.34615384615384615,52,18
org.mockito.internal.invocation.InvocationMatcher,BRANCH,0.2926829268292683,41,12
org.mockito.Matchers,BRANCH,1.0,50,50
org.mockito.internal.invocation.Invocation,BRANCH,0.029850746268656716,67,2
org.mockito.internal.stubbing.answers.AnswersValidator,BRANCH,0.4838709677419355,31,15
org.mockito.internal.verification.argumentmatching.ArgumentMatchingTool,BRANCH,0.0625,16,1
org.joda.time.field.UnsupportedDurationField,BRANCH,0.8823529411764706,34,30
org.joda.time.Partial,BRANCH,0.9782608695652174,138,134
org.joda.time.field.UnsupportedDurationField,BRANCH,0.8857142857142857,35,31
org.joda.time.Partial,BRANCH,1.0,132,131
org.joda.time.MutableDateTime,BRANCH,0.9602649006622517,151,144
org.joda.time.Partial,BRANCH,1.0,134,134
org.joda.time.Period,BRANCH,1.0,131,130
org.joda.time.chrono.GJChronology,BRANCH,0.7117117117117117,222,142
org.joda.time.format.DateTimeFormatter,BRANCH,0.9557522123893806,113,108
org.joda.time.DateTimeZone,BRANCH,0.8536585365853658,205,174
org.joda.time.DateTimeZone,BRANCH,0.835820895522388,201,167
org.joda.time.base.BaseSingleFieldPeriod,BRANCH,0.9811320754716981,53,52
org.joda.time.tz.ZoneInfoCompiler,BRANCH,0.5344827586206896,232,124
org.joda.time.LocalDate,BRANCH,0.9366515837104072,221,207
org.joda.time.LocalDateTime,BRANCH,0.9424778761061947,226,213
org.joda.time.format.PeriodFormatterBuilder,BRANCH,0.9636048526863085,577,556
org.joda.time.chrono.BasicMonthOfYearDateTimeField,BRANCH,0.9841269841269841,63,61
org.joda.time.field.FieldUtils,BRANCH,0.9743589743589743,78,75
org.joda.time.format.DateTimeFormatter,BRANCH,0.9646017699115044,113,109
org.joda.time.DateTimeZone,BRANCH,0.8608247422680413,194,167
org.joda.time.chrono.GJChronology,BRANCH,0.7537688442211056,199,132
org.joda.time.DateTimeZone,BRANCH,0.8440860215053764,186,157
org.joda.time.format.DateTimeFormatterBuilder,BRANCH,0.9136986301369863,730,659
org.joda.time.base.BasePeriod,BRANCH,0.9871794871794872,78,77
org.joda.time.DateTimeZone,BRANCH,0.8548387096774194,186,159
org.joda.time.format.DateTimeParserBucket,BRANCH,0.9655172413793104,87,84
org.joda.time.chrono.ZonedChronology,BRANCH,0.9504132231404959,121,110
org.joda.time.DateTimeZone,BRANCH,0.8011363636363636,176,141
org.joda.time.field.LenientDateTimeField,BRANCH,1.0,9,9
org.joda.time.format.PeriodFormatterBuilder,BRANCH,0.968365553602812,569,551
